sample,sampleLong,community,type,sampling_year,sampling,units,sample_name,aluminum,aluminumRaw,aluminumIdentifier,arsenic,arsenicRaw,arsenicIdentifier,barium,bariumRaw,bariumIdentifier,berylliumRaw,beryllium,berylliumIdentifier,cadmiumRaw,cadmium,cadmiumIdentifier,chromiumRaw,chromium,chromiumIdentifier,manganeseRaw,manganese,manganeseIdentifier,nickelRaw,nickel,nickelIdentifier,leadRaw,lead,leadIdentifier,zincRaw,zinc,zincIdentifier,copperRaw,copper,copperIdentifier,geoid,geoid_type
A14,A-K-14 garden,Apache,Garden Soil,2015-2016,,mg/kg,,8239,8239.0239,Post-Transition Metal,7.626,7.6256619,Metalloid,400.9,400.89434,Alkaline Earth Metal,1.1804827,1.18,Alkaline Earth Metal,0.3001361,0.3001,Transitional Metal,22.422854,22.42,Transitional Metal,406.95099,407,Transitional Metal,12.690747,12.69,Transitional Metal,54.700524,54.7,Post-Transition Metal,111.19441,111.2,Transitional Metal,23.28176,23.28,Transitional Metal,040019702002,block_group
A14,A-K-14 yard,Apache,Yard Soil,2015-2016,,mg/kg,,12250,12246.064,Post-Transition Metal,9.426,9.4260123,Metalloid,1576,1575.6342,Alkaline Earth Metal,0.6122574,0.6123,Alkaline Earth Metal,0.1462153,0.1462,Transitional Metal,19.954941,19.95,Transitional Metal,502.71981,502.7,Transitional Metal,14.55369,14.55,Transitional Metal,13.920305,13.92,Post-Transition Metal,68.735956,68.74,Transitional Metal,21.396471,21.4,Transitional Metal,040019702002,block_group
A19,A-19-1 garden,Apache,Garden Soil,2015-2016,,mg/kg,,8180,8180.0638,Post-Transition Metal,5.466,5.4663716,Metalloid,191.3,191.26961,Alkaline Earth Metal,0.7374185,0.7374,Alkaline Earth Metal,0.5528657,0.5529,Transitional Metal,57.59543,57.6,Transitional Metal,388.88771,388.9,Transitional Metal,23.797581,23.8,Transitional Metal,253.82206,253.8,Post-Transition Metal,215.35413,215.4,Transitional Metal,115.99413,116,Transitional Metal,040019703001,block_group
A26,A-K-26 yard,Apache,Yard Soil,2015-2016,,mg/kg,,10890,10894.409,Post-Transition Metal,2.829,2.8292059,Metalloid,286.4,286.40227,Alkaline Earth Metal,0.6140682,0.6141,Alkaline Earth Metal,0.3246033,0.3246,Transitional Metal,20.656799,20.66,Transitional Metal,627.82702,627.8,Transitional Metal,51.02221,51.02,Transitional Metal,17.828776,17.83,Post-Transition Metal,105.89841,105.9,Transitional Metal,25.733734,25.73,Transitional Metal,040019705013,block_group
A06,A-K-6 yard,Apache,Yard Soil,2015-2016,,mg/kg,,9160,9159.9982,Post-Transition Metal,9.279,9.2794647,Metalloid,338.1,338.11118,Alkaline Earth Metal,1.1825644,1.183,Alkaline Earth Metal,0.2022565,0.2023,Transitional Metal,24.37145,24.37,Transitional Metal,417.21167,417.2,Transitional Metal,16.362596,16.36,Transitional Metal,6.5166747,6.517,Post-Transition Metal,43.031474,43.03,Transitional Metal,18.438385,18.44,Transitional Metal,040019702001,block_group
A06,A-K-6 garden,Apache,Garden Soil,2015-2016,,mg/kg,,7829,7829.089,Post-Transition Metal,2.881,2.8812606,Metalloid,207.1,207.13899,Alkaline Earth Metal,0.6838124,0.6838,Alkaline Earth Metal,0.2104577,0.2105,Transitional Metal,18.602901,18.6,Transitional Metal,234.82456,234.8,Transitional Metal,11.321242,11.32,Transitional Metal,5.705153,5.705,Post-Transition Metal,33.565215,33.57,Transitional Metal,18.501536,18.5,Transitional Metal,040019702001,block_group
C01,C-K-1 garden,Cochise,Garden Soil,2015-2016,,mg/kg,,7982,7981.7845,Post-Transition Metal,3.92,3.9197394,Metalloid,100.5,100.49466,Alkaline Earth Metal,0.6968917,0.6969,Alkaline Earth Metal,0.326847,0.3268,Transitional Metal,21.723988,21.72,Transitional Metal,589.33257,589.3,Transitional Metal,8.0156488,8.016,Transitional Metal,23.494719,23.49,Post-Transition Metal,37.002851,37,Transitional Metal,34.979248,34.98,Transitional Metal,040030021002,block_group
C01,C-K-1 yard,Cochise,Yard Soil,2015-2016,,mg/kg,,8038,8038.3838,Post-Transition Metal,3.483,3.4829189,Metalloid,103,103.01917,Alkaline Earth Metal,0.6865051,0.6865,Alkaline Earth Metal,0.4189517,0.419,Transitional Metal,19.908425,19.91,Transitional Metal,637.46568,637.5,Transitional Metal,8.3835655,8.384,Transitional Metal,30.664887,30.66,Post-Transition Metal,51.916346,51.92,Transitional Metal,41.878356,41.88,Transitional Metal,040030021002,block_group
C10,C-K-10 garden,Cochise,Garden Soil,2015-2016,,mg/kg,,10900,10902.41,Post-Transition Metal,3.509,3.5089613,Metalloid,214.5,214.45753,Alkaline Earth Metal,0.5147291,0.5147,Alkaline Earth Metal,0.6175172,0.6175,Transitional Metal,24.10021,24.1,Transitional Metal,485.37713,485.4,Transitional Metal,11.119176,11.12,Transitional Metal,25.908222,25.91,Post-Transition Metal,342.65865,342.7,Transitional Metal,105.95071,106,Transitional Metal,040030021003,block_group
C10,C-K-10 yard,Cochise,Yard Soil,2015-2016,,mg/kg,,7697,7697.0325,Post-Transition Metal,2.326,2.3263777,Metalloid,90.91,90.909492,Alkaline Earth Metal,0.7758684,0.7759,Alkaline Earth Metal,0.3146868,0.3147,Transitional Metal,21.166625,21.17,Transitional Metal,508.51164,508.5,Transitional Metal,6.8001945,6.8,Transitional Metal,35.904118,35.9,Post-Transition Metal,72.910582,72.91,Transitional Metal,21.398543,21.4,Transitional Metal,040030021003,block_group
C11,C-K-11 garden,Cochise,Garden Soil,2015-2016,,mg/kg,,11810,11812.111,Post-Transition Metal,8.767,8.7666863,Metalloid,210.7,210.69984,Alkaline Earth Metal,0.8298026,0.8298,Alkaline Earth Metal,0.804296,0.8043,Transitional Metal,37.118819,37.12,Transitional Metal,638.51685,638.5,Transitional Metal,22.534329,22.53,Transitional Metal,45.356185,45.36,Post-Transition Metal,304.47864,304.5,Transitional Metal,100.62979,100.6,Transitional Metal,040030002011,block_group
C11,C-K-11 yard,Cochise,Yard Soil,2015-2016,,mg/kg,,8795,8794.9186,Post-Transition Metal,1.872,1.8722676,Metalloid,158.1,158.05247,Alkaline Earth Metal,0.7131945,0.7132,Alkaline Earth Metal,0.2454838,0.2455,Transitional Metal,20.981097,20.98,Transitional Metal,421.33472,421.3,Transitional Metal,9.8640181,9.864,Transitional Metal,14.370649,14.37,Post-Transition Metal,37.803717,37.8,Transitional Metal,17.42029,17.42,Transitional Metal,040030002011,block_group
C12,C-K-12 garden,Cochise,Garden Soil,2015-2016,,mg/kg,,8685,8684.7509,Post-Transition Metal,3.262,3.2621847,Metalloid,154.1,154.10253,Alkaline Earth Metal,0.9834438,0.9834,Alkaline Earth Metal,1.1587511,1.159,Transitional Metal,26.212186,26.21,Transitional Metal,619.55777,619.6,Transitional Metal,10.838909,10.84,Transitional Metal,111.51425,111.5,Post-Transition Metal,644.70298,644.7,Transitional Metal,83.566075,83.57,Transitional Metal,040030021003,block_group
C12,C-K-12 yard,Cochise,Yard Soil,2015-2016,,mg/kg,,6756,6755.6049,Post-Transition Metal,1.817,1.8169089,Metalloid,114.3,114.34159,Alkaline Earth Metal,0.8501402,0.8501,Alkaline Earth Metal,0.5461161,0.5461,Transitional Metal,20.807631,20.81,Transitional Metal,598.23613,598.2,Transitional Metal,5.7394368,5.739,Transitional Metal,50.981854,50.98,Post-Transition Metal,138.85963,138.9,Transitional Metal,26.217528,26.22,Transitional Metal,040030021003,block_group
C13,C-K-13 garden,Cochise,Garden Soil,2015-2016,,mg/kg,,13740,13742.681,Post-Transition Metal,9.925,9.9248133,Metalloid,137.2,137.19278,Alkaline Earth Metal,1.2643626,1.264,Alkaline Earth Metal,0.329946,0.3299,Transitional Metal,25.488166,25.49,Transitional Metal,394.11177,394.1,Transitional Metal,13.146948,13.15,Transitional Metal,30.120512,30.12,Post-Transition Metal,79.084814,79.08,Transitional Metal,37.082179,37.08,Transitional Metal,040030012001,block_group
C13,C-K-13 yard,Cochise,Yard Soil,2015-2016,,mg/kg,,7470,7469.5793,Post-Transition Metal,3.242,3.2422079,Metalloid,77.96,77.956367,Alkaline Earth Metal,0.9018406,0.9018,Alkaline Earth Metal,0.1660818,0.1661,Transitional Metal,24.627399,24.63,Transitional Metal,357.68969,357.7,Transitional Metal,8.4287366,8.429,Transitional Metal,16.434266,16.43,Post-Transition Metal,27.485289,27.49,Transitional Metal,14.051829,14.05,Transitional Metal,040030012001,block_group
C15,C-K-15 garden,Cochise,Garden Soil,2015-2016,,mg/kg,,10280,10278.429,Post-Transition Metal,4.632,4.6321114,Metalloid,120.6,120.62616,Alkaline Earth Metal,1.0084289,1.008,Alkaline Earth Metal,0.3814956,0.3815,Transitional Metal,25.927611,25.93,Transitional Metal,491.70118,491.7,Transitional Metal,10.626325,10.63,Transitional Metal,23.680236,23.68,Post-Transition Metal,106.3004,106.3,Transitional Metal,47.308367,47.31,Transitional Metal,040030019003,block_group
C15,C-K-15 yard,Cochise,Yard Soil,2015-2016,,mg/kg,,6495,6495.4958,Post-Transition Metal,4.385,4.3854787,Metalloid,82.42,82.42299,Alkaline Earth Metal,0.644255,0.6443,Alkaline Earth Metal,2.5729323,2.573,Transitional Metal,22.186905,22.19,Transitional Metal,506.79898,506.8,Transitional Metal,7.2568084,7.257,Transitional Metal,172.27915,172.3,Post-Transition Metal,245.32618,245.3,Transitional Metal,34.245558,34.25,Transitional Metal,040030019003,block_group
C16,C-K-16 garden,Cochise,Garden Soil,2015-2016,,mg/kg,,5449,5448.6074,Post-Transition Metal,2.56,2.5598709,Metalloid,115.4,115.35042,Alkaline Earth Metal,0.6428061,0.6428,Alkaline Earth Metal,0.3630205,0.363,Transitional Metal,21.591441,21.59,Transitional Metal,812.45569,812.5,Transitional Metal,5.512588,5.513,Transitional Metal,23.831792,23.83,Post-Transition Metal,71.279952,71.28,Transitional Metal,23.439485,23.44,Transitional Metal,040030021003,block_group
C16,C-K-16 yard,Cochise,Yard Soil,2015-2016,,mg/kg,,4871,4871.3143,Post-Transition Metal,3.635,3.6352479,Metalloid,138.9,138.91402,Alkaline Earth Metal,0.8054558,0.8055,Alkaline Earth Metal,0.5056727,0.5057,Transitional Metal,22.111177,22.11,Transitional Metal,785.4838,785.5,Transitional Metal,5.3716816,5.372,Transitional Metal,29.763813,29.76,Post-Transition Metal,70.071927,70.07,Transitional Metal,36.971872,36.97,Transitional Metal,040030021003,block_group
C18,C-K-18 garden,Cochise,Garden Soil,2015-2016,,mg/kg,,5649,5649.0315,Post-Transition Metal,2.76,2.7601937,Metalloid,359.6,359.63605,Alkaline Earth Metal,0.6869986,0.687,Alkaline Earth Metal,0.7411775,0.7412,Transitional Metal,18.633784,18.63,Transitional Metal,255.55209,255.6,Transitional Metal,9.0573978,9.057,Transitional Metal,17.101743,17.1,Post-Transition Metal,368.79738,368.8,Transitional Metal,187.24929,187.2,Transitional Metal,040030017021,block_group
C18,C-K-18 yard,Cochise,Yard Soil,2015-2016,,mg/kg,,14700,14700.347,Post-Transition Metal,5.889,5.8889776,Metalloid,106.9,106.94929,Alkaline Earth Metal,1.3402501,1.34,Alkaline Earth Metal,0.1911471,0.1911,Transitional Metal,27.49466,27.49,Transitional Metal,233.25521,233.3,Transitional Metal,12.340126,12.34,Transitional Metal,15.688635,15.69,Post-Transition Metal,38.340189,38.34,Transitional Metal,20.747844,20.75,Transitional Metal,040030017021,block_group
C21,C-K-21 garden,Cochise,Garden Soil,2015-2016,,mg/kg,,14310,14308.969,Post-Transition Metal,18.75,18.749958,Metalloid,681.8,681.82132,Alkaline Earth Metal,1.0994452,1.099,Alkaline Earth Metal,6.891868,6.892,Transitional Metal,37.742406,37.74,Transitional Metal,1367.3015,1367,Transitional Metal,19.472319,19.47,Transitional Metal,234.72922,234.7,Post-Transition Metal,1625.663,1626,Transitional Metal,683.62946,683.6,Transitional Metal,040030011003,block_group
C22,C-K-22 garden,Cochise,Garden Soil,2015-2016,,mg/kg,,8620,8619.554,Post-Transition Metal,4.344,4.3435173,Metalloid,127.6,127.55219,Alkaline Earth Metal,0.5194302,0.5194,Alkaline Earth Metal,0.3547826,0.3548,Transitional Metal,23.722599,23.72,Transitional Metal,375.38156,375.4,Transitional Metal,9.0129113,9.013,Transitional Metal,16.961808,16.96,Post-Transition Metal,121.3143,121.3,Transitional Metal,48.297246,48.3,Transitional Metal,040030021002,block_group
C22,C-K-22 yard,Cochise,Yard Soil,2015-2016,,mg/kg,,10820,10823.708,Post-Transition Metal,6.469,6.4685888,Metalloid,131.7,131.65395,Alkaline Earth Metal,0.8083552,0.8084,Alkaline Earth Metal,0.4366146,0.4366,Transitional Metal,25.145814,25.15,Transitional Metal,551.69608,551.7,Transitional Metal,11.102134,11.1,Transitional Metal,34.478809,34.48,Post-Transition Metal,69.486249,69.49,Transitional Metal,41.429833,41.43,Transitional Metal,040030021002,block_group
C23,C-K-23 garden,Cochise,Garden Soil,2015-2016,,mg/kg,,6973,6972.8553,Post-Transition Metal,5.829,5.8285197,Metalloid,128,127.95329,Alkaline Earth Metal,0.5780515,0.5781,Alkaline Earth Metal,0.5093685,0.5094,Transitional Metal,30.741054,30.74,Transitional Metal,353.56496,353.6,Transitional Metal,22.370555,22.37,Transitional Metal,34.441828,34.44,Post-Transition Metal,144.29856,144.3,Transitional Metal,50.400022,50.4,Transitional Metal,040030012001,block_group
C23,C-K-23 yard,Cochise,Yard Soil,2015-2016,,mg/kg,,11550,11554.216,Post-Transition Metal,8.328,8.3280079,Metalloid,210.2,210.18641,Alkaline Earth Metal,1.3997955,1.4,Alkaline Earth Metal,0.3632716,0.3633,Transitional Metal,19.972917,19.97,Transitional Metal,663.56079,663.6,Transitional Metal,15.407407,15.41,Transitional Metal,37.1669,37.17,Post-Transition Metal,72.280544,72.28,Transitional Metal,26.66134,26.66,Transitional Metal,040030012001,block_group
C03,C-K-3 garden,Cochise,Garden Soil,2015-2016,,mg/kg,,7807,7806.5404,Post-Transition Metal,6.917,6.9168435,Metalloid,152.5,152.51232,Alkaline Earth Metal,0.6485963,0.6486,Alkaline Earth Metal,0.4519341,0.4519,Transitional Metal,19.449361,19.45,Transitional Metal,424.50927,424.5,Transitional Metal,8.5751513,8.575,Transitional Metal,19.723522,19.72,Post-Transition Metal,145.5108,145.5,Transitional Metal,56.542686,56.54,Transitional Metal,040030015021,block_group
C03,C-K-3 yard,Cochise,Yard Soil,2015-2016,,mg/kg,,5282,5281.5616,Post-Transition Metal,5.765,5.7648814,Metalloid,110.4,110.42921,Alkaline Earth Metal,0.6268299,0.6268,Alkaline Earth Metal,0.2635687,0.2636,Transitional Metal,18.715125,18.72,Transitional Metal,383.14156,383.1,Transitional Metal,6.9361059,6.936,Transitional Metal,22.464239,22.46,Post-Transition Metal,61.482538,61.48,Transitional Metal,16.262062,16.26,Transitional Metal,040030015021,block_group
C31,C-K-31 garden,Cochise,Garden Soil,2015-2016,,mg/kg,,9628,9628.4986,Post-Transition Metal,6.298,6.2982049,Metalloid,355.1,355.05674,Alkaline Earth Metal,1.333669,1.334,Alkaline Earth Metal,1.7008344,1.701,Transitional Metal,24.298868,24.3,Transitional Metal,1490.5214,1491,Transitional Metal,15.983156,15.98,Transitional Metal,375.27385,375.3,Post-Transition Metal,415.81576,415.8,Transitional Metal,138.15165,138.2,Transitional Metal,040030010001,block_group
C31,C-K-31 yard,Cochise,Yard Soil,2015-2016,,mg/kg,,16610,16606.75,Post-Transition Metal,6.083,6.0827173,Metalloid,347.2,347.17286,Alkaline Earth Metal,3.1207052,3.121,Alkaline Earth Metal,1.1433848,1.143,Transitional Metal,33.43643,33.44,Transitional Metal,2493.2999,2493,Transitional Metal,24.182012,24.18,Transitional Metal,388.69884,388.7,Post-Transition Metal,397.17834,397.2,Transitional Metal,180.46942,180.5,Transitional Metal,040030010001,block_group
C32,C-K-32 garden,Cochise,Garden Soil,2015-2016,,mg/kg,,5820,5819.7958,Post-Transition Metal,5.391,5.3911563,Metalloid,165.4,165.38503,Alkaline Earth Metal,0.7916409,0.7916,Alkaline Earth Metal,2.6941924,2.694,Transitional Metal,14.085726,14.09,Transitional Metal,926.06424,926.1,Transitional Metal,10.393086,10.39,Transitional Metal,101.4748,101.5,Post-Transition Metal,603.49175,603.5,Transitional Metal,342.9311,342.9,Transitional Metal,040030011002,block_group
C32,C-K-32 yard,Cochise,Yard Soil,2015-2016,,mg/kg,,4074,4074.2924,Post-Transition Metal,4.015,4.0152677,Metalloid,93,92.996656,Alkaline Earth Metal,0.5016663,0.5017,Alkaline Earth Metal,1.9242131,1.924,Transitional Metal,12.165788,12.17,Transitional Metal,927.72173,927.7,Transitional Metal,8.6767251,8.677,Transitional Metal,238.49604,238.5,Post-Transition Metal,359.25484,359.3,Transitional Metal,188.26561,188.3,Transitional Metal,040030011002,block_group
C33,C-K-33 garden,Cochise,Garden Soil,2015-2016,,mg/kg,,13490,13485.491,Post-Transition Metal,5.425,5.4251039,Metalloid,123.7,123.66927,Alkaline Earth Metal,1.1859223,1.186,Alkaline Earth Metal,0.5012771,0.5013,Transitional Metal,13.179167,13.18,Transitional Metal,428.02564,428,Transitional Metal,10.898994,10.9,Transitional Metal,28.801034,28.8,Post-Transition Metal,86.632254,86.63,Transitional Metal,64.761742,64.76,Transitional Metal,040030011002,block_group
C33,C-K-33 yard,Cochise,Yard Soil,2015-2016,,mg/kg,,9056,9055.9703,Post-Transition Metal,4.681,4.6811249,Metalloid,130.8,130.79121,Alkaline Earth Metal,0.3953986,0.3954,Alkaline Earth Metal,0.5823729,0.5824,Transitional Metal,11.48797,11.49,Transitional Metal,348.60354,348.6,Transitional Metal,8.4782806,8.478,Transitional Metal,70.283385,70.28,Post-Transition Metal,164.12637,164.1,Transitional Metal,73.414847,73.41,Transitional Metal,040030011002,block_group
C36,C-K-36 garden,Cochise,Garden Soil,2015-2016,,mg/kg,,2652,2652.3352,Post-Transition Metal,3.271,3.2705868,Metalloid,208.6,208.64118,Alkaline Earth Metal,0.2525921,0.2526,Alkaline Earth Metal,0.9984596,0.9985,Transitional Metal,11.460095,11.46,Transitional Metal,424.40159,424.4,Transitional Metal,5.1706175,5.171,Transitional Metal,70.380045,70.38,Post-Transition Metal,194.42804,194.4,Transitional Metal,255.37412,255.4,Transitional Metal,040030011003,block_group
C36,C-K-36 yard,Cochise,Yard Soil,2015-2016,,mg/kg,,3415,3414.8854,Post-Transition Metal,5.026,5.0264993,Metalloid,190.2,190.22844,Alkaline Earth Metal,0.0989721,0.09897,Alkaline Earth Metal,1.4957309,1.496,Transitional Metal,15.191006,15.19,Transitional Metal,550.85335,550.9,Transitional Metal,6.4262322,6.426,Transitional Metal,96.861814,96.86,Post-Transition Metal,437.28224,437.3,Transitional Metal,644.3389,644.3,Transitional Metal,040030011003,block_group
C37,C-K-37 garden,Cochise,Garden Soil,2015-2016,,mg/kg,,7224,7223.7314,Post-Transition Metal,1.913,1.9134896,Metalloid,112.2,112.22527,Alkaline Earth Metal,0.5461645,0.5462,Alkaline Earth Metal,0.0904116,0.09041,Transitional Metal,12.882352,12.88,Transitional Metal,325.70677,325.7,Transitional Metal,14.137527,14.14,Transitional Metal,7.0069486,7.007,Post-Transition Metal,59.485251,59.49,Transitional Metal,50.181531,50.18,Transitional Metal,040030011002,block_group
C38,C-K-38 garden,Cochise,Garden Soil,2015-2016,,mg/kg,,3265,3265.2706,Post-Transition Metal,2.386,2.3859464,Metalloid,178.4,178.42586,Alkaline Earth Metal,0.312795,0.3128,Alkaline Earth Metal,0.5398162,0.5398,Transitional Metal,12.342498,12.34,Transitional Metal,248.06008,248.1,Transitional Metal,5.3398504,5.34,Transitional Metal,61.438008,61.44,Post-Transition Metal,176.87881,176.9,Transitional Metal,70.136025,70.14,Transitional Metal,040030010001,block_group
C38,C-K-38 yard,Cochise,Yard Soil,2015-2016,,mg/kg,,5282,5281.7593,Post-Transition Metal,5.691,5.6905832,Metalloid,267.1,267.09549,Alkaline Earth Metal,0.8978294,0.8978,Alkaline Earth Metal,3.4855398,3.486,Transitional Metal,16.942727,16.94,Transitional Metal,446.17405,446.2,Transitional Metal,9.9967826,9.997,Transitional Metal,498.845,498.8,Post-Transition Metal,816.50039,816.5,Transitional Metal,289.39509,289.4,Transitional Metal,040030010001,block_group
C40,C-K-40 garden,Cochise,Garden Soil,2015-2016,,mg/kg,,3237,3237.1442,Post-Transition Metal,5.308,5.3078118,Metalloid,182.8,182.78308,Alkaline Earth Metal,0.1995663,0.1996,Alkaline Earth Metal,3.3180262,3.318,Transitional Metal,12.413983,12.41,Transitional Metal,728.19776,728.2,Transitional Metal,5.3796829,5.38,Transitional Metal,203.05748,203.1,Post-Transition Metal,739.3028,739.3,Transitional Metal,589.29529,589.3,Transitional Metal,040030011002,block_group
C40,C-K-40 yard,Cochise,Yard Soil,2015-2016,,mg/kg,,4119,4118.6287,Post-Transition Metal,8.193,8.1933987,Metalloid,220.1,220.13371,Alkaline Earth Metal,0.589785,0.5898,Alkaline Earth Metal,3.5528974,3.553,Transitional Metal,17.342551,17.34,Transitional Metal,784.39385,784.4,Transitional Metal,7.2253132,7.225,Transitional Metal,285.48715,285.5,Post-Transition Metal,855.00436,855,Transitional Metal,586.70639,586.7,Transitional Metal,040030011002,block_group
C43,C-K-43 garden,Cochise,Garden Soil,2015-2016,,mg/kg,,4082,4082.1014,Post-Transition Metal,4.342,4.3418802,Metalloid,168.4,168.43896,Alkaline Earth Metal,0.3904768,0.3905,Alkaline Earth Metal,2.647827,2.648,Transitional Metal,14.762361,14.76,Transitional Metal,504.97514,505,Transitional Metal,9.2380645,9.238,Transitional Metal,51.549366,51.55,Post-Transition Metal,490.64706,490.6,Transitional Metal,211.86385,211.9,Transitional Metal,040030011002,block_group
C43,C-K-43 yard,Cochise,Yard Soil,2015-2016,,mg/kg,,5386,5385.8264,Post-Transition Metal,9.794,9.7937793,Metalloid,189.3,189.31623,Alkaline Earth Metal,0.5614055,0.5614,Alkaline Earth Metal,6.2966813,6.297,Transitional Metal,14.025257,14.03,Transitional Metal,1009.5323,1010,Transitional Metal,8.7749899,8.775,Transitional Metal,170.36241,170.4,Post-Transition Metal,1126.8349,1127,Transitional Metal,837.16719,837.2,Transitional Metal,040030011002,block_group
C45,C-K-45 garden,Cochise,Garden Soil,2015-2016,,mg/kg,,4557,4557.3377,Post-Transition Metal,5.17,5.1697858,Metalloid,168.6,168.60226,Alkaline Earth Metal,0.5690446,0.569,Alkaline Earth Metal,0.7592405,0.7592,Transitional Metal,15.424998,15.42,Transitional Metal,357.25935,357.3,Transitional Metal,12.054303,12.05,Transitional Metal,27.148105,27.15,Post-Transition Metal,259.30945,259.3,Transitional Metal,112.88066,112.9,Transitional Metal,040030011002,block_group
C45,C-K-45 yard,Cochise,Yard Soil,2015-2016,,mg/kg,,4644,4643.7547,Post-Transition Metal,5.142,5.141739,Metalloid,200.7,200.67225,Alkaline Earth Metal,0.3524826,0.3525,Alkaline Earth Metal,2.0382422,2.038,Transitional Metal,17.191642,17.19,Transitional Metal,677.29375,677.3,Transitional Metal,9.0875737,9.088,Transitional Metal,181.598,181.6,Post-Transition Metal,509.97933,510,Transitional Metal,232.46025,232.5,Transitional Metal,040030011002,block_group
C47,C-K-47 garden,Cochise,Garden Soil,2015-2016,,mg/kg,,3237,3237.4261,Post-Transition Metal,2.459,2.4590892,Metalloid,43.61,43.61153,Alkaline Earth Metal,0.5432824,0.5433,Alkaline Earth Metal,0.1134824,0.1135,Transitional Metal,12.870214,12.87,Transitional Metal,204.38398,204.4,Transitional Metal,4.7071043,4.707,Transitional Metal,6.0476951,6.048,Post-Transition Metal,41.959673,41.96,Transitional Metal,11.542554,11.54,Transitional Metal,040030002011,block_group
C47,C-K-47 yard,Cochise,Yard Soil,2015-2016,,mg/kg,,2916,2916.1828,Post-Transition Metal,1.823,1.8234385,Metalloid,45.88,45.882647,Alkaline Earth Metal,0.2030512,0.2031,Alkaline Earth Metal,0.1076997,0.1077,Transitional Metal,11.400391,11.4,Transitional Metal,176.22415,176.2,Transitional Metal,5.0238724,5.024,Transitional Metal,6.9115699,6.912,Post-Transition Metal,28.510239,28.51,Transitional Metal,12.9316,12.93,Transitional Metal,040030002011,block_group
C48,C-K-48 garden,Cochise,Garden Soil,2015-2016,,mg/kg,,9224,9224.4425,Post-Transition Metal,2.69,2.6904201,Metalloid,97.96,97.962961,Alkaline Earth Metal,0.5938249,0.5938,Alkaline Earth Metal,0.3245199,0.3245,Transitional Metal,6.4593435,6.459,Transitional Metal,447.19682,447.2,Transitional Metal,6.4623058,6.462,Transitional Metal,10.634305,10.63,Post-Transition Metal,78.729706,78.73,Transitional Metal,54.08093,54.08,Transitional Metal,040030002011,block_group
C48,C-K-48 yard,Cochise,Yard Soil,2015-2016,,mg/kg,,13750,13745.708,Post-Transition Metal,4.741,4.7414595,Metalloid,128,127.96172,Alkaline Earth Metal,0.7805022,0.7805,Alkaline Earth Metal,0.5011028,0.5011,Transitional Metal,7.131769,7.132,Transitional Metal,443.64357,443.6,Transitional Metal,6.3117037,6.312,Transitional Metal,17.19953,17.2,Post-Transition Metal,57.992757,57.99,Transitional Metal,60.324227,60.32,Transitional Metal,040030002011,block_group
C05,C-K-5 yard,Cochise,Yard Soil,2015-2016,,mg/kg,,10600,10596.472,Post-Transition Metal,2.757,2.7572566,Metalloid,112,111.95929,Alkaline Earth Metal,0.7638002,0.7638,Alkaline Earth Metal,0.1972182,0.1972,Transitional Metal,21.963276,21.96,Transitional Metal,286.70329,286.7,Transitional Metal,9.6700718,9.67,Transitional Metal,9.6969177,9.697,Post-Transition Metal,47.674275,47.67,Transitional Metal,16.300152,16.3,Transitional Metal,040030018001,block_group
C50,C-K-50 garden,Cochise,Garden Soil,2015-2016,,mg/kg,,4477,4477.169,Post-Transition Metal,1.986,1.986151,Metalloid,82.51,82.513937,Alkaline Earth Metal,0.5675967,0.5676,Alkaline Earth Metal,0.5476194,0.5476,Transitional Metal,17.509652,17.51,Transitional Metal,435.50122,435.5,Transitional Metal,7.292522,7.293,Transitional Metal,19.019378,19.02,Post-Transition Metal,168.46275,168.5,Transitional Metal,34.862176,34.86,Transitional Metal,040030002032,block_group
C50,C-K-50 yard,Cochise,Yard Soil,2015-2016,,mg/kg,,7594,7594.2506,Post-Transition Metal,2.195,2.1946886,Metalloid,68.91,68.909766,Alkaline Earth Metal,1.7632837,1.763,Alkaline Earth Metal,0.4900836,0.4901,Transitional Metal,15.725818,15.73,Transitional Metal,633.86577,633.9,Transitional Metal,7.7600326,7.76,Transitional Metal,18.00035,18,Post-Transition Metal,70.851235,70.85,Transitional Metal,20.573295,20.57,Transitional Metal,040030002032,block_group
C51,C-K-51 garden,Cochise,Garden Soil,2015-2016,,mg/kg,,3599,3599.1927,Post-Transition Metal,1.568,1.5679086,Metalloid,92.94,92.9437,Alkaline Earth Metal,0.4364909,0.4365,Alkaline Earth Metal,0.3597591,0.3598,Transitional Metal,10.307441,10.31,Transitional Metal,367.62783,367.6,Transitional Metal,4.9993582,4.999,Transitional Metal,20.827853,20.83,Post-Transition Metal,105.90323,105.9,Transitional Metal,28.306753,28.31,Transitional Metal,040030010001,block_group
C51,C-K-51 yard,Cochise,Yard Soil,2015-2016,,mg/kg,,4820,4819.5355,Post-Transition Metal,3.369,3.3689789,Metalloid,148.3,148.26843,Alkaline Earth Metal,0.5892655,0.5893,Alkaline Earth Metal,0.9342914,0.9343,Transitional Metal,12.622832,12.62,Transitional Metal,706.1274,706.1,Transitional Metal,7.6375705,7.638,Transitional Metal,128.17142,128.2,Post-Transition Metal,285.59553,285.6,Transitional Metal,131.85254,131.9,Transitional Metal,040030010001,block_group
C53,C-K-53 garden,Cochise,Garden Soil,2015-2016,,mg/kg,,4917,4916.7645,Post-Transition Metal,3.175,3.1747738,Metalloid,140.7,140.69274,Alkaline Earth Metal,0.3395749,0.3396,Alkaline Earth Metal,0.4865801,0.4866,Transitional Metal,13.93392,13.93,Transitional Metal,281.82783,281.8,Transitional Metal,6.9734822,6.973,Transitional Metal,9.7798137,9.78,Post-Transition Metal,104.79278,104.8,Transitional Metal,27.576446,27.58,Transitional Metal,040030003031,block_group
C53,C-K-53 yard,Cochise,Yard Soil,2015-2016,,mg/kg,,6427,6426.6852,Post-Transition Metal,3.511,3.5112107,Metalloid,150.1,150.05025,Alkaline Earth Metal,0.5017401,0.5017,Alkaline Earth Metal,0.3570113,0.357,Transitional Metal,15.491266,15.49,Transitional Metal,303.47395,303.5,Transitional Metal,6.3556306,6.356,Transitional Metal,13.410819,13.41,Post-Transition Metal,58.529541,58.53,Transitional Metal,22.981277,22.98,Transitional Metal,040030003031,block_group
C55,C-K-55 garden,Cochise,Garden Soil,2015-2016,,mg/kg,,7971,7970.8627,Post-Transition Metal,3.944,3.9441732,Metalloid,110,109.98028,Alkaline Earth Metal,0.8852974,0.8853,Alkaline Earth Metal,0.4592976,0.4593,Transitional Metal,22.568608,22.57,Transitional Metal,463.46666,463.5,Transitional Metal,13.861712,13.86,Transitional Metal,21.171978,21.17,Post-Transition Metal,111.86101,111.9,Transitional Metal,43.991565,43.99,Transitional Metal,040030002024,block_group
C56,C-K-56 garden,Cochise,Garden Soil,2015-2016,,mg/kg,,10480,10480.987,Post-Transition Metal,3.622,3.6217865,Metalloid,89.39,89.387993,Alkaline Earth Metal,0.637233,0.6372,Alkaline Earth Metal,0.2192582,0.2193,Transitional Metal,58.167778,58.17,Transitional Metal,362.51829,362.5,Transitional Metal,26.410846,26.41,Transitional Metal,15.711,15.71,Post-Transition Metal,160.65822,160.7,Transitional Metal,33.580772,33.58,Transitional Metal,040030002024,block_group
C56,C-K-56 yard,Cochise,Yard Soil,2015-2016,,mg/kg,,7604,7604.1837,Post-Transition Metal,2.692,2.6920022,Metalloid,95.18,95.181591,Alkaline Earth Metal,0.2515399,0.2515,Alkaline Earth Metal,0.165399,0.1654,Transitional Metal,16.552778,16.55,Transitional Metal,267.087,267.1,Transitional Metal,9.9950598,9.995,Transitional Metal,12.837465,12.84,Post-Transition Metal,55.743657,55.74,Transitional Metal,23.040876,23.04,Transitional Metal,040030002024,block_group
C57,C-K-57 garden A,Cochise,Garden Soil,2015-2016,,mg/kg,,7927,7926.8442,Post-Transition Metal,3.813,3.8134546,Metalloid,70.81,70.807063,Alkaline Earth Metal,0.2859938,0.286,Alkaline Earth Metal,0.3020676,0.3021,Transitional Metal,53.367082,53.37,Transitional Metal,417.54441,417.5,Transitional Metal,24.777108,24.78,Transitional Metal,11.906783,11.91,Post-Transition Metal,168.15308,168.2,Transitional Metal,35.885308,35.89,Transitional Metal,040030002024,block_group
C08,C-K-8 garden,Cochise,Garden Soil,2015-2016,,mg/kg,,6006,6006.2271,Post-Transition Metal,4.138,4.1384332,Metalloid,144.5,144.45433,Alkaline Earth Metal,0.5223244,0.5223,Alkaline Earth Metal,0.3105695,0.3106,Transitional Metal,18.587559,18.59,Transitional Metal,352.27189,352.3,Transitional Metal,6.7584525,6.758,Transitional Metal,13.069838,13.07,Post-Transition Metal,106.72175,106.7,Transitional Metal,36.501674,36.5,Transitional Metal,040030021003,block_group
C08,C-K-8 yard,Cochise,Yard Soil,2015-2016,,mg/kg,,21250,21245.339,Post-Transition Metal,8.923,8.9232129,Metalloid,94.44,94.4418,Alkaline Earth Metal,1.2853649,1.285,Alkaline Earth Metal,0.3150344,0.315,Transitional Metal,20.936794,20.94,Transitional Metal,294.74428,294.7,Transitional Metal,9.5418062,9.542,Transitional Metal,20.725577,20.73,Post-Transition Metal,61.382944,61.38,Transitional Metal,23.747706,23.75,Transitional Metal,040030021003,block_group
D01,D01-Garden,Dewey-Humboldt,Garden Soil,2011-2012,,mg/kg,,,,Post-Transition Metal,91.3,91.304924,Metalloid,170.7,170.71112,Alkaline Earth Metal,0.325309,0.3253,Alkaline Earth Metal,0.3314394,0.3314,Transitional Metal,16.644288,16.64,Transitional Metal,614.91856,614.9,Transitional Metal,14.170205,14.17,Transitional Metal,14.104715,14.1,Post-Transition Metal,79.946521,79.95,Transitional Metal,59.113437,59.11,Transitional Metal,040250015002,block_group
D01,D01-Yard,Dewey-Humboldt,Yard Soil,2011-2012,,mg/kg,,,,Post-Transition Metal,56.86,56.864679,Metalloid,137.3,137.3223,Alkaline Earth Metal,0.4029218,0.4029,Alkaline Earth Metal,0.5258277,0.5258,Transitional Metal,27.322248,27.32,Transitional Metal,940.51097,940.5,Transitional Metal,17.910301,17.91,Transitional Metal,10.413891,10.41,Post-Transition Metal,284.93723,284.9,Transitional Metal,36.889011,36.89,Transitional Metal,040250015002,block_group
D03,D03-Garden,Dewey-Humboldt,Garden Soil,2011-2012,,mg/kg,,,,Post-Transition Metal,39.22,39.219012,Metalloid,95.96,95.957752,Alkaline Earth Metal,0.5340275,0.534,Alkaline Earth Metal,4.58E-01,4.58E-01,Transitional Metal,23.08325,23.08,Transitional Metal,439.55739,439.6,Transitional Metal,15.016491,15.02,Transitional Metal,41.637356,41.64,Post-Transition Metal,166.75095,166.8,Transitional Metal,62.941909,62.94,Transitional Metal,040250015001,block_group
D03,D03-Yard,Dewey-Humboldt,Yard Soil,2011-2012,,mg/kg,,,,Post-Transition Metal,30.69,30.6906,Metalloid,95.76,95.7555,Alkaline Earth Metal,0.42365,0.4236,Alkaline Earth Metal,0.5068,0.5068,Transitional Metal,33.34015,33.34,Transitional Metal,457.6542,457.7,Transitional Metal,18.18505,18.19,Transitional Metal,13.74875,13.75,Post-Transition Metal,108.94815,108.9,Transitional Metal,40.1984,40.2,Transitional Metal,040250015001,block_group
D04,D04-Garden,Dewey-Humboldt,Garden Soil,2011-2012,,mg/kg,,,,Post-Transition Metal,45.36,45.361133,Metalloid,165.8,165.79503,Alkaline Earth Metal,0.2896123,0.2896,Alkaline Earth Metal,0.1019881,0.102,Transitional Metal,22.872018,22.87,Transitional Metal,850.01551,850,Transitional Metal,21.041203,21.04,Transitional Metal,7.9339463,7.934,Post-Transition Metal,58.214761,58.21,Transitional Metal,45.372565,45.37,Transitional Metal,040250015002,block_group
D04,D04-Yard,Dewey-Humboldt,Yard Soil,2011-2012,,mg/kg,,,,Post-Transition Metal,19.67,19.67002,Metalloid,177.8,177.81116,Alkaline Earth Metal,0.3833167,0.3833,Alkaline Earth Metal,0.3114542,0.3115,Transitional Metal,34.108616,34.11,Transitional Metal,496.39392,496.4,Transitional Metal,25.28252,25.28,Transitional Metal,12.619871,12.62,Post-Transition Metal,116.11449,116.1,Transitional Metal,49.017928,49.02,Transitional Metal,040250015002,block_group
D07,D07-Garden,Dewey-Humboldt,Garden Soil,2011-2012,,mg/kg,,,,Post-Transition Metal,43.18,43.184938,Metalloid,115.1,115.05292,Alkaline Earth Metal,0.3697274,0.3697,Alkaline Earth Metal,0.2111023,0.2111,Transitional Metal,18.326552,18.33,Transitional Metal,683.61659,683.6,Transitional Metal,11.265669,11.27,Transitional Metal,7.6922503,7.692,Post-Transition Metal,51.689664,51.69,Transitional Metal,35.9808,35.98,Transitional Metal,040250019003,block_group
D07,D07-Yard,Dewey-Humboldt,Yard Soil,2011-2012,,mg/kg,,,,Post-Transition Metal,27.03,27.030231,Metalloid,132.7,132.72235,Alkaline Earth Metal,0.4389916,0.439,Alkaline Earth Metal,0.3052904,0.3053,Transitional Metal,18.965344,18.97,Transitional Metal,647.6783,647.7,Transitional Metal,11.760392,11.76,Transitional Metal,9.5906424,9.591,Post-Transition Metal,88.219322,88.22,Transitional Metal,45.22494,45.22,Transitional Metal,040250019003,block_group
D09,D09-Garden,Dewey-Humboldt,Garden Soil,2011-2012,,mg/kg,,,,Post-Transition Metal,104.6,104.57357,Metalloid,215.2,215.19012,Alkaline Earth Metal,0.3889944,0.389,Alkaline Earth Metal,0.1723311,0.1723,Transitional Metal,15.411685,15.41,Transitional Metal,641.87945,641.9,Transitional Metal,13.748351,13.75,Transitional Metal,8.8797981,8.88,Post-Transition Metal,65.514444,65.51,Transitional Metal,52.941124,52.94,Transitional Metal,040250015002,block_group
D09,D09-Yard,Dewey-Humboldt,Yard Soil,2011-2012,,mg/kg,,,,Post-Transition Metal,74.27,74.271756,Metalloid,148.1,148.08323,Alkaline Earth Metal,0.3053393,0.3053,Alkaline Earth Metal,0.1646707,0.1647,Transitional Metal,15.645758,15.65,Transitional Metal,584.9509,585,Transitional Metal,11.798353,11.8,Transitional Metal,7.4365768,7.437,Post-Transition Metal,65.083782,65.08,Transitional Metal,41.430739,41.43,Transitional Metal,040250015002,block_group
D11,D11-Garden,Dewey-Humboldt,Garden Soil,2011-2012,,mg/kg,,,,Post-Transition Metal,3.897,3.8973851,Metalloid,88.31,88.308043,Alkaline Earth Metal,0.1639758,0.164,Alkaline Earth Metal,0.1143027,0.1143,Transitional Metal,14.201515,14.2,Transitional Metal,406.17126,406.2,Transitional Metal,7.0884013,7.088,Transitional Metal,8.1707112,8.171,Post-Transition Metal,41.995889,42,Transitional Metal,24.581716,24.58,Transitional Metal,040250019003,block_group
D11,D11-Yard,Dewey-Humboldt,Yard Soil,2011-2012,,mg/kg,,,,Post-Transition Metal,5.368,5.3678586,Metalloid,81.58,81.57541,Alkaline Earth Metal,0.2660308,0.266,Alkaline Earth Metal,0.0833,0.0833,Transitional Metal,12.964493,12.96,Transitional Metal,373.22793,373.2,Transitional Metal,6.789203,6.789,Transitional Metal,5.9404215,5.94,Post-Transition Metal,52.054285,52.05,Transitional Metal,24.652217,24.65,Transitional Metal,040250019003,block_group
D12,D12-Garden,Dewey-Humboldt,Garden Soil,2011-2012,,mg/kg,,,,Post-Transition Metal,10.13,10.126396,Metalloid,119,119.00369,Alkaline Earth Metal,0.5085227,0.5085,Alkaline Earth Metal,0.2666467,0.2666,Transitional Metal,24.562849,24.56,Transitional Metal,569.13447,569.1,Transitional Metal,18.595644,18.6,Transitional Metal,11.888208,11.89,Post-Transition Metal,121.56783,121.6,Transitional Metal,83.75299,83.75,Transitional Metal,040250015002,block_group
D12,D12-Yard,Dewey-Humboldt,Yard Soil,2011-2012,,mg/kg,,,,Post-Transition Metal,62.02,62.016866,Metalloid,186.8,186.78633,Alkaline Earth Metal,10.300449,10.3,Alkaline Earth Metal,0.287525,0.2875,Transitional Metal,26.064122,26.06,Transitional Metal,540.28573,540.3,Transitional Metal,16.852745,16.85,Transitional Metal,10.300449,10.3,Post-Transition Metal,105.25394,105.3,Transitional Metal,56.590419,56.59,Transitional Metal,040250015002,block_group
D13,D13-Garden,Dewey-Humboldt,Garden Soil,2011-2012,,mg/kg,,,,Post-Transition Metal,12.76,12.75628,Metalloid,127.1,127.0923,Alkaline Earth Metal,0.4659091,0.4659,Alkaline Earth Metal,0.2631579,0.2632,Transitional Metal,26.642344,26.64,Transitional Metal,503.27233,503.3,Transitional Metal,18.683911,18.68,Transitional Metal,15.705044,15.71,Post-Transition Metal,97.806419,97.81,Transitional Metal,32.96252,32.96,Transitional Metal,040250007003,block_group
D13,D13-Yard,Dewey-Humboldt,Yard Soil,2011-2012,,mg/kg,,,,Post-Transition Metal,23.96,23.964102,Metalloid,191.8,191.80133,Alkaline Earth Metal,0.6506131,0.6506,Alkaline Earth Metal,1.2857002,1.286,Transitional Metal,23.232298,23.23,Transitional Metal,583.47577,583.5,Transitional Metal,19.585542,19.59,Transitional Metal,62.441159,62.44,Post-Transition Metal,322.2054,322.2,Transitional Metal,66.425534,66.43,Transitional Metal,040250007003,block_group
D15,D15-Garden,Dewey-Humboldt,Garden Soil,2011-2012,,mg/kg,,,,Post-Transition Metal,43.77,43.76857,Metalloid,476.4,476.42342,Alkaline Earth Metal,0.765026,0.765,Alkaline Earth Metal,0.7920327,0.792,Transitional Metal,49.219199,49.22,Transitional Metal,5195.4668,5195,Transitional Metal,35.772414,35.77,Transitional Metal,62.798772,62.8,Post-Transition Metal,163.86576,163.9,Transitional Metal,105.54932,105.5,Transitional Metal,040250015002,block_group
D15,D15-Yard,Dewey-Humboldt,Yard Soil,2011-2012,,mg/kg,,,,Post-Transition Metal,34.88,34.884385,Metalloid,290.5,290.45867,Alkaline Earth Metal,0.5138279,0.5138,Alkaline Earth Metal,0.6271965,0.6272,Transitional Metal,41.112969,41.11,Transitional Metal,3201.9743,3202,Transitional Metal,28.935653,28.94,Transitional Metal,29.654603,29.65,Post-Transition Metal,175.16409,175.2,Transitional Metal,82.798223,82.8,Transitional Metal,040250015002,block_group
D16,D16-Garden,Dewey-Humboldt,Garden Soil,2011-2012,,mg/kg,,,,Post-Transition Metal,2.354,2.3538018,Metalloid,89.3,89.295681,Alkaline Earth Metal,0.3452428,0.3452,Alkaline Earth Metal,0.2291998,0.2292,Transitional Metal,16.346835,16.35,Transitional Metal,453.74005,453.7,Transitional Metal,7.910629,7.911,Transitional Metal,7.314789,7.315,Post-Transition Metal,76.910231,76.91,Transitional Metal,27.54797,27.55,Transitional Metal,040250007003,block_group
D16,D16-Yard,Dewey-Humboldt,Yard Soil,2011-2012,,mg/kg,,,,Post-Transition Metal,3.949,3.9485674,Metalloid,174.6,174.57919,Alkaline Earth Metal,0.6930959,0.6931,Alkaline Earth Metal,0.1259451,0.1259,Transitional Metal,25.000895,25,Transitional Metal,794.52626,794.5,Transitional Metal,16.72125,16.72,Transitional Metal,8.4445881,8.445,Post-Transition Metal,44.573717,44.57,Transitional Metal,14.811679,14.81,Transitional Metal,040250007003,block_group
D17,D17-Garden,Dewey-Humboldt,Garden Soil,2011-2012,,mg/kg,,,,Post-Transition Metal,7.496,7.4955161,Metalloid,114.3,114.32204,Alkaline Earth Metal,0.5052312,0.5052,Alkaline Earth Metal,0.1055201,0.1055,Transitional Metal,24.462884,24.46,Transitional Metal,484.77541,484.8,Transitional Metal,19.11932,19.12,Transitional Metal,8.8935333,8.894,Post-Transition Metal,47.893533,47.89,Transitional Metal,30.167397,30.17,Transitional Metal,040250006071,block_group
D17,D17-Yard,Dewey-Humboldt,Yard Soil,2011-2012,,mg/kg,,,,Post-Transition Metal,5.932,5.9315,Metalloid,123.7,123.681,Alkaline Earth Metal,0.44645,0.4464,Alkaline Earth Metal,0.0729,0.0729,Transitional Metal,30.21345,30.21,Transitional Metal,463.318,463.3,Transitional Metal,24.10285,24.1,Transitional Metal,6.07085,6.071,Post-Transition Metal,49.10275,49.1,Transitional Metal,24.6787,24.68,Transitional Metal,040250006071,block_group
D20,D20-Garden,Dewey-Humboldt,Garden Soil,2011-2012,,mg/kg,,,,Post-Transition Metal,34.6,34.601837,Metalloid,177.5,177.4981,Alkaline Earth Metal,0.4454373,0.4454,Alkaline Earth Metal,0.0577077,0.05771,Transitional Metal,16.191943,16.19,Transitional Metal,602.57468,602.6,Transitional Metal,13.405302,13.41,Transitional Metal,6.6497105,6.65,Post-Transition Metal,69.39981,69.4,Transitional Metal,43.013878,43.01,Transitional Metal,040250015002,block_group
D20,D20-Yard,Dewey-Humboldt,Yard Soil,2011-2012,,mg/kg,,,,Post-Transition Metal,32.29,32.294363,Metalloid,173,173.03404,Alkaline Earth Metal,0.4407007,0.4407,Alkaline Earth Metal,0.104208,0.1042,Transitional Metal,17.955191,17.96,Transitional Metal,624.9212,624.9,Transitional Metal,13.858227,13.86,Transitional Metal,7.4932017,7.493,Post-Transition Metal,108.21908,108.2,Transitional Metal,40.337535,40.34,Transitional Metal,040250015002,block_group
D21,D21-Garden,Dewey-Humboldt,Garden Soil,2011-2012,,mg/kg,,,,Post-Transition Metal,3.023,3.0230525,Metalloid,118.1,118.14289,Alkaline Earth Metal,0.1168025,0.1168,Alkaline Earth Metal,-0.0133148,0.0033,Transitional Metal,10.77976,10.78,Transitional Metal,318.11685,318.1,Transitional Metal,5.8649145,5.865,Transitional Metal,4.5792428,4.579,Post-Transition Metal,39.480078,39.48,Transitional Metal,38.883148,38.88,Transitional Metal,040250015002,block_group
D21,D21-Yard,Dewey-Humboldt,Yard Soil,2011-2012,,mg/kg,,,,Post-Transition Metal,4.093,4.0934514,Metalloid,85.03,85.026373,Alkaline Earth Metal,0.1314192,0.1314,Alkaline Earth Metal,0.0471736,0.04717,Transitional Metal,51.641371,51.64,Transitional Metal,210.15336,210.2,Transitional Metal,24.844496,24.84,Transitional Metal,5.0551851,5.055,Post-Transition Metal,37.568621,37.57,Transitional Metal,17.094944,17.09,Transitional Metal,040250015002,block_group
D29,D29-Garden,Dewey-Humboldt,Garden Soil,2011-2012,,mg/kg,,,,Post-Transition Metal,15.13,15.125597,Metalloid,106.7,106.74701,Alkaline Earth Metal,0.4423766,0.4424,Alkaline Earth Metal,0.368133,0.3681,Transitional Metal,29.229996,29.23,Transitional Metal,561.30394,561.3,Transitional Metal,19.307723,19.31,Transitional Metal,31.506568,31.51,Post-Transition Metal,76.4167,76.42,Transitional Metal,67.223627,67.22,Transitional Metal,040250007003,block_group
D29,D29-Yard,Dewey-Humboldt,Yard Soil,2011-2012,,mg/kg,,,,Post-Transition Metal,19.88,19.88437,Metalloid,139.2,139.23754,Alkaline Earth Metal,0.4416866,0.4417,Alkaline Earth Metal,0.2123206,0.2123,Transitional Metal,38.08453,38.08,Transitional Metal,967.54605,967.5,Transitional Metal,25.235945,25.24,Transitional Metal,11.395036,11.4,Post-Transition Metal,72.135367,72.14,Transitional Metal,49.820474,49.82,Transitional Metal,040250007003,block_group
D32,D32-Garden,Dewey-Humboldt,Garden Soil,2011-2012,,mg/kg,,,,Post-Transition Metal,41.03,41.026137,Metalloid,345.7,345.66929,Alkaline Earth Metal,0.8785914,0.8786,Alkaline Earth Metal,0.8617318,0.8617,Transitional Metal,39.154629,39.15,Transitional Metal,2679.2469,2679,Transitional Metal,33.122306,33.12,Transitional Metal,42.211891,42.21,Post-Transition Metal,171.00708,171,Transitional Metal,119.02853,119,Transitional Metal,040250015002,block_group
D32,D32-Yard,Dewey-Humboldt,Yard Soil,2011-2012,,mg/kg,,,,Post-Transition Metal,58.82,58.823278,Metalloid,372.7,372.65392,Alkaline Earth Metal,0.6339108,0.6339,Alkaline Earth Metal,1.340004,1.34,Transitional Metal,40.133712,40.13,Transitional Metal,2694.0311,2694,Transitional Metal,30.277678,30.28,Transitional Metal,84.15691,84.16,Post-Transition Metal,336.19235,336.2,Transitional Metal,173.9994,174,Transitional Metal,040250015002,block_group
D34,D34-Garden,Dewey-Humboldt,Garden Soil,2011-2012,,mg/kg,,,,Post-Transition Metal,47.66,47.658031,Metalloid,167,167.02242,Alkaline Earth Metal,0.6897668,0.6898,Alkaline Earth Metal,2.5749303,2.575,Transitional Metal,27.293194,27.29,Transitional Metal,617.68812,617.7,Transitional Metal,20.898715,20.9,Transitional Metal,510.49068,510.5,Post-Transition Metal,631.70083,631.7,Transitional Metal,459.04902,459,Transitional Metal,040250007003,block_group
D34,D34-Yard,Dewey-Humboldt,Yard Soil,2011-2012,,mg/kg,,,,Post-Transition Metal,100.4,100.38633,Metalloid,204.7,204.67375,Alkaline Earth Metal,0.1419661,0.142,Alkaline Earth Metal,0.8296407,0.8296,Transitional Metal,46.061926,46.06,Transitional Metal,3556.6013,3557,Transitional Metal,42.633683,42.63,Transitional Metal,140.36143,140.4,Post-Transition Metal,243.16093,243.2,Transitional Metal,97.038822,97.04,Transitional Metal,040250007003,block_group
D35,D35-Garden,Dewey-Humboldt,Garden Soil,2011-2012,,mg/kg,,,,Post-Transition Metal,9.916,9.9158347,Metalloid,194,194.03974,Alkaline Earth Metal,0.3631689,0.3632,Alkaline Earth Metal,0.1290935,0.1291,Transitional Metal,21.968101,21.97,Transitional Metal,595.68241,595.7,Transitional Metal,17.054862,17.05,Transitional Metal,8.791883,8.792,Post-Transition Metal,61.238868,61.24,Transitional Metal,25.353834,25.35,Transitional Metal,040250007003,block_group
D35,D35-Yard,Dewey-Humboldt,Yard Soil,2011-2012,,mg/kg,,,,Post-Transition Metal,10.45,10.451716,Metalloid,189.7,189.68286,Alkaline Earth Metal,0.5284816,0.5285,Alkaline Earth Metal,0.1429569,0.143,Transitional Metal,23.874052,23.87,Transitional Metal,633.38557,633.4,Transitional Metal,17.70396,17.7,Transitional Metal,9.7119413,9.712,Post-Transition Metal,65.844024,65.84,Transitional Metal,31.256185,31.26,Transitional Metal,040250007003,block_group
D37,D37-Garden,Dewey-Humboldt,Garden Soil,2011-2012,,mg/kg,,,,Post-Transition Metal,27.92,27.915273,Metalloid,143.9,143.89397,Alkaline Earth Metal,0.3181004,0.3181,Alkaline Earth Metal,0.2991836,0.2992,Transitional Metal,18.254879,18.25,Transitional Metal,698.33204,698.3,Transitional Metal,14.692453,14.69,Transitional Metal,11.012843,11.01,Post-Transition Metal,70.654022,70.65,Transitional Metal,45.56591,45.57,Transitional Metal,040250015002,block_group
D37,D37-Yard,Dewey-Humboldt,Yard Soil,2011-2012,,mg/kg,,,,Post-Transition Metal,26.51,26.505474,Metalloid,142.3,142.33758,Alkaline Earth Metal,0.3508161,0.3508,Alkaline Earth Metal,0.2101911,0.2102,Transitional Metal,17.161127,17.16,Transitional Metal,646.56917,646.6,Transitional Metal,13.859773,13.86,Transitional Metal,10.904658,10.9,Post-Transition Metal,70.639829,70.64,Transitional Metal,49.392516,49.39,Transitional Metal,040250015002,block_group
D38,D38-Garden,Dewey-Humboldt,Garden Soil,2011-2012,,mg/kg,,,,Post-Transition Metal,9.696,9.6955436,Metalloid,103.1,103.08213,Alkaline Earth Metal,0.3201439,0.3201,Alkaline Earth Metal,0.6048161,0.6048,Transitional Metal,27.461131,27.46,Transitional Metal,440.95234,441,Transitional Metal,19.972122,19.97,Transitional Metal,21.832034,21.83,Post-Transition Metal,116.30815,116.3,Transitional Metal,60.70004,60.7,Transitional Metal,040250007003,block_group
D38,D38-Yard,Dewey-Humboldt,Yard Soil,2011-2012,,mg/kg,,,,Post-Transition Metal,66.84,66.839442,Metalloid,290.1,290.05568,Alkaline Earth Metal,0.6928287,0.6928,Alkaline Earth Metal,1.0909363,1.091,Transitional Metal,38.380179,38.38,Transitional Metal,1960.0184,1960,Transitional Metal,32.096414,32.1,Transitional Metal,75.785359,75.79,Post-Transition Metal,282.33665,282.3,Transitional Metal,127.11404,127.1,Transitional Metal,040250007003,block_group
D39,D39-Garden,Dewey-Humboldt,Garden Soil,2011-2012,,mg/kg,,,,Post-Transition Metal,30.21,30.211959,Metalloid,132.2,132.16488,Alkaline Earth Metal,0.4255551,0.4256,Alkaline Earth Metal,0.2667859,0.2668,Transitional Metal,25.268077,25.27,Transitional Metal,611.89342,611.9,Transitional Metal,17.617004,17.62,Transitional Metal,16.020064,16.02,Post-Transition Metal,81.833731,81.83,Transitional Metal,36.638359,36.64,Transitional Metal,040250019004,block_group
D39,D39-Yard,Dewey-Humboldt,Yard Soil,2011-2012,,mg/kg,,,,Post-Transition Metal,23.88,23.876487,Metalloid,132.5,132.51427,Alkaline Earth Metal,0.5151665,0.5152,Alkaline Earth Metal,0.2470262,0.247,Transitional Metal,24.042328,24.04,Transitional Metal,607.98087,608,Transitional Metal,17.19885,17.2,Transitional Metal,22.829104,22.83,Post-Transition Metal,83.364592,83.36,Transitional Metal,33.847244,33.85,Transitional Metal,040250019004,block_group
D40,D40-Yard,Dewey-Humboldt,Yard Soil,2011-2012,,mg/kg,,,,Post-Transition Metal,21.29,21.286212,Metalloid,178.6,178.62595,Alkaline Earth Metal,,,Alkaline Earth Metal,0.370573,0.3706,Transitional Metal,31.828193,31.83,Transitional Metal,1363.2696,1363,Transitional Metal,28.721747,28.72,Transitional Metal,25.958516,25.96,Post-Transition Metal,80.771588,80.77,Transitional Metal,55.675786,55.68,Transitional Metal,040250015002,block_group
D41,D41-Garden,Dewey-Humboldt,Garden Soil,2011-2012,,mg/kg,,,,Post-Transition Metal,373.4,373.44747,Metalloid,159.9,159.87684,Alkaline Earth Metal,0.6871767,0.6872,Alkaline Earth Metal,0.4939316,0.4939,Transitional Metal,157.44931,157.4,Transitional Metal,1791.0593,1791,Transitional Metal,86.989007,86.99,Transitional Metal,22.062027,22.06,Post-Transition Metal,134.92404,134.9,Transitional Metal,85.979805,85.98,Transitional Metal,040250015002,block_group
D41,D41-Yard,Dewey-Humboldt,Yard Soil,2011-2012,,mg/kg,,,,Post-Transition Metal,322.3,322.27706,Metalloid,122.4,122.38578,Alkaline Earth Metal,0.2593351,0.2593,Alkaline Earth Metal,0.4458866,0.4459,Transitional Metal,47.410493,47.41,Transitional Metal,829.01238,829,Transitional Metal,39.355182,39.36,Transitional Metal,19.477686,19.48,Post-Transition Metal,163.34999,163.3,Transitional Metal,70.207768,70.21,Transitional Metal,040250015002,block_group
D45,D45-Garden,Dewey-Humboldt,Garden Soil,2011-2012,,mg/kg,,,,Post-Transition Metal,31.9,31.895692,Metalloid,98.05,98.045772,Alkaline Earth Metal,0.3355604,0.3356,Alkaline Earth Metal,0.0877543,0.08775,Transitional Metal,20.991823,20.99,Transitional Metal,376.70383,376.7,Transitional Metal,16.557439,16.56,Transitional Metal,6.4684882,6.468,Post-Transition Metal,43.178002,43.18,Transitional Metal,29.700638,29.7,Transitional Metal,040250015002,block_group
D45,D45-Yard,Dewey-Humboldt,Yard Soil,2011-2012,,mg/kg,,,,Post-Transition Metal,74.15,74.147247,Metalloid,184.5,184.53951,Alkaline Earth Metal,0.6210096,0.621,Alkaline Earth Metal,0.1919393,0.1919,Transitional Metal,21.708001,21.71,Transitional Metal,578.60525,578.6,Transitional Metal,20.418795,20.42,Transitional Metal,12.2501,12.25,Post-Transition Metal,69.967578,69.97,Transitional Metal,56.827713,56.83,Transitional Metal,040250015002,block_group
A19,A-19-2 raspberry patch,Apache,,2015-2016,,mg/kg,,8749,8749.0076,Post-Transition Metal,2.828,2.8277079,Metalloid,312.5,312.46927,Alkaline Earth Metal,0.4512521,0.4513,Alkaline Earth Metal,0.6427223,0.6427,Transitional Metal,21.048038,21.05,Transitional Metal,456.98857,457,Transitional Metal,32.218091,32.22,Transitional Metal,66.188965,66.19,Post-Transition Metal,178.2828,178.3,Transitional Metal,22.84186,22.84,Transitional Metal,040019703001,block_group
A19,A-19-3 peach trees area,Apache,,2015-2016,,mg/kg,,17070,17069.96,Post-Transition Metal,4.181,4.1809373,Metalloid,315.6,315.58681,Alkaline Earth Metal,0.8033849,0.8034,Alkaline Earth Metal,0.3745214,0.3745,Transitional Metal,28.207267,28.21,Transitional Metal,682.01981,682,Transitional Metal,40.265951,40.27,Transitional Metal,105.80955,105.8,Post-Transition Metal,90.537667,90.54,Transitional Metal,27.069392,27.07,Transitional Metal,040019703001,block_group
A19,A-19-4 strawberry patch,Apache,,2015-2016,,mg/kg,,17530,17532.481,Post-Transition Metal,3.668,3.6679321,Metalloid,304.1,304.07361,Alkaline Earth Metal,1.1671306,1.167,Alkaline Earth Metal,0.3968399,0.3968,Transitional Metal,22.984165,22.98,Transitional Metal,613.23598,613.2,Transitional Metal,32.877969,32.88,Transitional Metal,27.05937,27.06,Post-Transition Metal,78.778603,78.78,Transitional Metal,22.286403,22.29,Transitional Metal,040019703001,block_group
A19,A-19-5 corn patch,Apache,,2015-2016,,mg/kg,,9944,9944.478,Post-Transition Metal,7.041,7.0410127,Metalloid,258.3,258.33902,Alkaline Earth Metal,0.577019,0.577,Alkaline Earth Metal,0.5256829,0.5257,Transitional Metal,29.445126,29.45,Transitional Metal,619.16653,619.2,Transitional Metal,19.983059,19.98,Transitional Metal,47.18028,47.18,Post-Transition Metal,115.01776,115,Transitional Metal,29.651738,29.65,Transitional Metal,040019703001,block_group
A26,A-K-26 garden A,Apache,Garden Soil,2015-2016,,mg/kg,,4992,4991.5939,Post-Transition Metal,2.925,2.9251518,Metalloid,171.9,171.91775,Alkaline Earth Metal,0.1999423,0.1999,Alkaline Earth Metal,0.4141006,0.4141,Transitional Metal,32.968358,32.97,Transitional Metal,381.26365,381.3,Transitional Metal,12.399656,12.4,Transitional Metal,16.010633,16.01,Post-Transition Metal,183.33664,183.3,Transitional Metal,44.323195,44.32,Transitional Metal,040019705013,block_group
A26,A-K-26 garden B,Apache,Garden Soil,2015-2016,,mg/kg,,5873,5872.7736,Post-Transition Metal,3.309,3.3092121,Metalloid,200.6,200.60096,Alkaline Earth Metal,0.1556552,0.1557,Alkaline Earth Metal,0.5238979,0.5239,Transitional Metal,32.038828,32.04,Transitional Metal,438.52434,438.5,Transitional Metal,13.828203,13.83,Transitional Metal,16.79705,16.8,Post-Transition Metal,211.9954,212,Transitional Metal,51.888026,51.89,Transitional Metal,040019705013,block_group
A23,A-K-23 garden A square,Apache,Garden Soil,2015-2016,,mg/kg,,21410,21412.528,Post-Transition Metal,2.282,2.2817882,Metalloid,742.1,742.05182,Alkaline Earth Metal,1.3911051,1.391,Alkaline Earth Metal,0.1406635,0.1407,Transitional Metal,12.421851,12.42,Transitional Metal,337.44039,337.4,Transitional Metal,9.6045817,9.605,Transitional Metal,18.816939,18.82,Post-Transition Metal,55.055603,55.06,Transitional Metal,16.481813,16.48,Transitional Metal,040019702001,block_group
A23,A-K-23 garden A triangle,Apache,Garden Soil,2015-2016,,mg/kg,,4076,4075.8525,Post-Transition Metal,1.941,1.9410628,Metalloid,165.6,165.57331,Alkaline Earth Metal,0.2543003,0.2543,Alkaline Earth Metal,0.1019834,0.102,Transitional Metal,18.783214,18.78,Transitional Metal,149.59158,149.6,Transitional Metal,9.1421061,9.142,Transitional Metal,4.6509798,4.651,Post-Transition Metal,38.503024,38.5,Transitional Metal,10.801656,10.8,Transitional Metal,040019702001,block_group
A23,A-K-23 garden B square,Apache,Garden Soil,2015-2016,,mg/kg,,16640,16637.829,Post-Transition Metal,2.01,2.0098728,Metalloid,629.5,629.48727,Alkaline Earth Metal,1.2316837,1.232,Alkaline Earth Metal,0.1250569,0.1251,Transitional Metal,9.6011839,9.601,Transitional Metal,320.06119,320.1,Transitional Metal,8.4153269,8.415,Transitional Metal,17.105571,17.11,Post-Transition Metal,51.644293,51.64,Transitional Metal,15.450939,15.45,Transitional Metal,040019702001,block_group
A23,A-K-23 garden B triangle,Apache,Garden Soil,2015-2016,,mg/kg,,6688,6688.105,Post-Transition Metal,2.613,2.6131954,Metalloid,160.4,160.42603,Alkaline Earth Metal,0.5007324,0.5007,Alkaline Earth Metal,0.0892382,0.08924,Transitional Metal,23.447049,23.45,Transitional Metal,155.90009,155.9,Transitional Metal,10.75173,10.75,Transitional Metal,4.7579341,4.758,Post-Transition Metal,41.182928,41.18,Transitional Metal,11.292436,11.29,Transitional Metal,040019702001,block_group
G01,G-K-1 garden,Greenlee,Garden Soil,2015-2016,,mg/kg,,7285,7284.7147,Post-Transition Metal,3.327,3.3271162,Metalloid,148.3,148.29369,Alkaline Earth Metal,1.0186411,1.019,Alkaline Earth Metal,0.5157818,0.5158,Transitional Metal,11.349203,11.35,Transitional Metal,280.64094,280.6,Transitional Metal,15.460924,15.46,Transitional Metal,16.752783,16.75,Post-Transition Metal,70.126413,70.13,Transitional Metal,279.39581,279.4,Transitional Metal,040119601002,block_group
G01,G-K-1 yard,Greenlee,Yard Soil,2015-2016,,mg/kg,,9248,9247.9442,Post-Transition Metal,9.907,9.9066274,Metalloid,234.4,234.3957,Alkaline Earth Metal,1.0800932,1.08,Alkaline Earth Metal,2.2313286,2.231,Transitional Metal,14.187018,14.19,Transitional Metal,487.15107,487.2,Transitional Metal,19.212743,19.21,Transitional Metal,127.43081,127.4,Post-Transition Metal,593.18536,593.2,Transitional Metal,1019.1077,1019,Transitional Metal,040119601002,block_group
G10,G-K-10 garden,Greenlee,Garden Soil,2015-2016,,mg/kg,,17870,17872.682,Post-Transition Metal,4.353,4.3534871,Metalloid,205.3,205.32821,Alkaline Earth Metal,0.6226425,0.6226,Alkaline Earth Metal,0.2352926,0.2353,Transitional Metal,16.947559,16.95,Transitional Metal,456.89408,456.9,Transitional Metal,23.674252,23.67,Transitional Metal,11.302608,11.3,Post-Transition Metal,58.70901,58.71,Transitional Metal,32.19813,32.2,Transitional Metal,040119603002,block_group
G10,G-K-10 yard,Greenlee,Yard Soil,2015-2016,,mg/kg,,20700,20700.77,Post-Transition Metal,4.464,4.4640818,Metalloid,243.5,243.52448,Alkaline Earth Metal,0.7957525,0.7958,Alkaline Earth Metal,0.1746046,0.1746,Transitional Metal,17.665684,17.67,Transitional Metal,447.64684,447.6,Transitional Metal,24.07593,24.08,Transitional Metal,14.003746,14,Post-Transition Metal,54.903534,54.9,Transitional Metal,26.001665,26,Transitional Metal,040119603002,block_group
G20,G-K-20 garden,Greenlee,Garden Soil,2015-2016,,mg/kg,,6769,6769.1743,Post-Transition Metal,3.306,3.3060159,Metalloid,145.8,145.80823,Alkaline Earth Metal,0.4792572,0.4793,Alkaline Earth Metal,0.4384006,0.4384,Transitional Metal,13.719969,13.72,Transitional Metal,267.66159,267.7,Transitional Metal,14.238539,14.24,Transitional Metal,24.087962,24.09,Post-Transition Metal,130.4889,130.5,Transitional Metal,52.665013,52.67,Transitional Metal,040119603003,block_group
G20,G-K-20 yard,Greenlee,Yard Soil,2015-2016,,mg/kg,,11470,11468.085,Post-Transition Metal,4.301,4.3007076,Metalloid,110.9,110.90144,Alkaline Earth Metal,0.5218086,0.5218,Alkaline Earth Metal,0.2795115,0.2795,Transitional Metal,22.716285,22.72,Transitional Metal,304.05753,304.1,Transitional Metal,18.284658,18.28,Transitional Metal,16.773982,16.77,Post-Transition Metal,81.702681,81.7,Transitional Metal,34.486878,34.49,Transitional Metal,040119603003,block_group
G21,G-K-21 garden,Greenlee,Garden Soil,2015-2016,,mg/kg,,6902,6901.9428,Post-Transition Metal,3.769,3.7687515,Metalloid,134.2,134.23855,Alkaline Earth Metal,0.5183878,0.5184,Alkaline Earth Metal,0.3604114,0.3604,Transitional Metal,14.315966,14.32,Transitional Metal,273.70747,273.7,Transitional Metal,14.37927,14.38,Transitional Metal,27.235066,27.24,Post-Transition Metal,896.91381,896.9,Transitional Metal,32.61306,32.61,Transitional Metal,040119602003,block_group
G21,G-K-21 yard,Greenlee,Yard Soil,2015-2016,,mg/kg,,6755,6754.6948,Post-Transition Metal,2.49,2.4895965,Metalloid,154.3,154.31088,Alkaline Earth Metal,0.4449711,0.445,Alkaline Earth Metal,0.2295412,0.2295,Transitional Metal,10.631631,10.63,Transitional Metal,243.62655,243.6,Transitional Metal,11.173733,11.17,Transitional Metal,27.726394,27.73,Post-Transition Metal,68.977091,68.98,Transitional Metal,38.25563,38.26,Transitional Metal,040119602003,block_group
G22,G-K-22 garden,Greenlee,Garden Soil,2015-2016,,mg/kg,,11210,11208.602,Post-Transition Metal,4.073,4.0731474,Metalloid,169,168.96497,Alkaline Earth Metal,0.7935876,0.7936,Alkaline Earth Metal,0.197462,0.1975,Transitional Metal,12.038517,12.04,Transitional Metal,367.92095,367.9,Transitional Metal,17.813969,17.81,Transitional Metal,9.9134936,9.913,Post-Transition Metal,52.639459,52.64,Transitional Metal,26.162082,26.16,Transitional Metal,040119603002,block_group
G22,G-K-22 yard,Greenlee,Yard Soil,2015-2016,,mg/kg,,6441,6441.3565,Post-Transition Metal,2.276,2.2760769,Metalloid,137.4,137.37859,Alkaline Earth Metal,0.222328,0.2223,Alkaline Earth Metal,0.1495821,0.1496,Transitional Metal,8.58142,8.581,Transitional Metal,310.62504,310.6,Transitional Metal,12.836117,12.84,Transitional Metal,11.368982,11.37,Post-Transition Metal,36.717404,36.72,Transitional Metal,20.81153,20.81,Transitional Metal,040119603002,block_group
G23,G-K-23 yard,Greenlee,Yard Soil,2015-2016,,mg/kg,,6844,6843.6094,Post-Transition Metal,3.037,3.0366223,Metalloid,150.3,150.34021,Alkaline Earth Metal,0.5410067,0.541,Alkaline Earth Metal,0.2037038,0.2037,Transitional Metal,8.8604402,8.86,Transitional Metal,343.04744,343,Transitional Metal,12.452909,12.45,Transitional Metal,11.153419,11.15,Post-Transition Metal,35.149995,35.15,Transitional Metal,15.534401,15.53,Transitional Metal,040119603002,block_group
G24,G-K-24 garden,Greenlee,Garden Soil,2015-2016,,mg/kg,,6661,6661.3769,Post-Transition Metal,2.001,2.0007502,Metalloid,124.7,124.66413,Alkaline Earth Metal,0.6163916,0.6164,Alkaline Earth Metal,0.1409905,0.141,Transitional Metal,9.3185729,9.319,Transitional Metal,244.62806,244.6,Transitional Metal,15.008135,15.01,Transitional Metal,9.5050963,9.505,Post-Transition Metal,54.460521,54.46,Transitional Metal,22.013197,22.01,Transitional Metal,040119603002,block_group
G24,G-K-24 yard,Greenlee,Yard Soil,2015-2016,,mg/kg,,13260,13257.128,Post-Transition Metal,2.908,2.9078263,Metalloid,225.6,225.64231,Alkaline Earth Metal,1.0959572,1.096,Alkaline Earth Metal,0.10282,0.1028,Transitional Metal,15.683009,15.68,Transitional Metal,285.05415,285.1,Transitional Metal,25.017227,25.02,Transitional Metal,15.099086,15.1,Post-Transition Metal,64.600085,64.6,Transitional Metal,42.014726,42.01,Transitional Metal,040119603002,block_group
G26,G-K-26 garden,Greenlee,Garden Soil,2015-2016,,mg/kg,,13940,13941.837,Post-Transition Metal,3.803,3.8030729,Metalloid,200.3,200.31853,Alkaline Earth Metal,0.9058847,0.9059,Alkaline Earth Metal,0.212038,0.212,Transitional Metal,14.466419,14.47,Transitional Metal,407.90678,407.9,Transitional Metal,20.674396,20.67,Transitional Metal,10.828433,10.83,Post-Transition Metal,47.366664,47.37,Transitional Metal,23.736115,23.74,Transitional Metal,040119603002,block_group
G26,G-K-26 yard,Greenlee,Yard Soil,2015-2016,,mg/kg,,9510,9510.169,Post-Transition Metal,2.92,2.919815,Metalloid,164.2,164.20562,Alkaline Earth Metal,0.8880876,0.8881,Alkaline Earth Metal,0.1462052,0.1462,Transitional Metal,9.2621909,9.262,Transitional Metal,366.63954,366.6,Transitional Metal,15.995876,16,Transitional Metal,10.332613,10.33,Post-Transition Metal,31.739795,31.74,Transitional Metal,17.496831,17.5,Transitional Metal,040119603002,block_group
G03,G-K-3 garden,Greenlee,Garden Soil,2015-2016,,mg/kg,,6144,6144.2419,Post-Transition Metal,1.972,1.9720448,Metalloid,108.3,108.27654,Alkaline Earth Metal,0.3998582,0.3999,Alkaline Earth Metal,0.1490723,0.1491,Transitional Metal,9.2225341,9.223,Transitional Metal,261.79512,261.8,Transitional Metal,11.515582,11.52,Transitional Metal,9.3625942,9.363,Post-Transition Metal,170.10335,170.1,Transitional Metal,18.611574,18.61,Transitional Metal,040119602003,block_group
G03,G-K-3 yard,Greenlee,Yard Soil,2015-2016,,mg/kg,,6647,6647.4709,Post-Transition Metal,2.466,2.4655389,Metalloid,135.7,135.70121,Alkaline Earth Metal,0.3656658,0.3657,Alkaline Earth Metal,0.1018547,0.1019,Transitional Metal,11.950239,11.95,Transitional Metal,230.83049,230.8,Transitional Metal,11.051084,11.05,Transitional Metal,7.8931001,7.893,Post-Transition Metal,32.629846,32.63,Transitional Metal,17.309091,17.31,Transitional Metal,040119602003,block_group
G31,G-K-31 garden,Greenlee,Garden Soil,2015-2016,,mg/kg,,5312,5312.312,Post-Transition Metal,1.838,1.8384009,Metalloid,111.2,111.20087,Alkaline Earth Metal,0.6404915,0.6405,Alkaline Earth Metal,0.3360088,0.336,Transitional Metal,14.758843,14.76,Transitional Metal,297.80057,297.8,Transitional Metal,10.546387,10.55,Transitional Metal,11.313369,11.31,Post-Transition Metal,98.935608,98.94,Transitional Metal,46.070068,46.07,Transitional Metal,040119601001,block_group
G31,G-K-31 yard,Greenlee,Yard Soil,2015-2016,,mg/kg,,7501,7500.7745,Post-Transition Metal,4.34,4.3404517,Metalloid,170.6,170.60031,Alkaline Earth Metal,1.0243464,1.024,Alkaline Earth Metal,0.4480932,0.4481,Transitional Metal,8.932907,8.933,Transitional Metal,425.95414,426,Transitional Metal,11.845171,11.85,Transitional Metal,19.198545,19.2,Post-Transition Metal,108.74503,108.7,Transitional Metal,76.140234,76.14,Transitional Metal,040119601001,block_group
G32,G-K-32 garden,Greenlee,Garden Soil,2015-2016,,mg/kg,,7216,7216.0081,Post-Transition Metal,3.693,3.6928638,Metalloid,153.5,153.51197,Alkaline Earth Metal,0.5902741,0.5903,Alkaline Earth Metal,0.2800906,0.2801,Transitional Metal,10.755326,10.76,Transitional Metal,300.65235,300.7,Transitional Metal,14.377343,14.38,Transitional Metal,18.77835,18.78,Post-Transition Metal,121.20788,121.2,Transitional Metal,55.011845,55.01,Transitional Metal,040119601001,block_group
G35,G-K-35 garden,Greenlee,Garden Soil,2015-2016,,mg/kg,,4169,4169.2173,Post-Transition Metal,2.151,2.1508519,Metalloid,82.09,82.091558,Alkaline Earth Metal,0.2676877,0.2677,Alkaline Earth Metal,0.2533592,0.2534,Transitional Metal,14.321028,14.32,Transitional Metal,222.86496,222.9,Transitional Metal,13.765191,13.77,Transitional Metal,5.9825781,5.983,Post-Transition Metal,89.138063,89.14,Transitional Metal,61.998246,62,Transitional Metal,040119602002,block_group
G35,G-K-35 yard,Greenlee,Yard Soil,2015-2016,,mg/kg,,6035,6034.758,Post-Transition Metal,3.684,3.6840131,Metalloid,123.9,123.86329,Alkaline Earth Metal,0.5814434,0.5814,Alkaline Earth Metal,1.5405733,1.541,Transitional Metal,13.223943,13.22,Transitional Metal,311.0797,311.1,Transitional Metal,17.800286,17.8,Transitional Metal,35.69558,35.7,Post-Transition Metal,221.76099,221.8,Transitional Metal,405.01239,405,Transitional Metal,040119602002,block_group
G37,G-K-37 yard,Greenlee,Yard Soil,2015-2016,,mg/kg,,10040,10044.442,Post-Transition Metal,3.316,3.3164544,Metalloid,201.5,201.467,Alkaline Earth Metal,1.0912542,1.091,Alkaline Earth Metal,0.361337,0.3613,Transitional Metal,11.150653,11.15,Transitional Metal,593.99543,594,Transitional Metal,12.356893,12.36,Transitional Metal,17.229875,17.23,Post-Transition Metal,32.708016,32.71,Transitional Metal,61.512765,61.51,Transitional Metal,040119601001,block_group
G41,G-K-41 garden,Greenlee,Garden Soil,2015-2016,,mg/kg,,6038,6037.9854,Post-Transition Metal,2.344,2.3441354,Metalloid,137.5,137.54873,Alkaline Earth Metal,0.1478462,0.1478,Alkaline Earth Metal,1.1382055,1.138,Transitional Metal,9.691013,9.691,Transitional Metal,270.95032,271,Transitional Metal,15.74405,15.74,Transitional Metal,36.36658,36.37,Post-Transition Metal,122.6296,122.6,Transitional Metal,295.76378,295.8,Transitional Metal,040119602002,block_group
G41,G-K-41 yard,Greenlee,Yard Soil,2015-2016,,mg/kg,,8384,8383.8579,Post-Transition Metal,2.435,2.4350655,Metalloid,187.2,187.17563,Alkaline Earth Metal,0.4095908,0.4096,Alkaline Earth Metal,0.6629204,0.6629,Transitional Metal,11.50207,11.5,Transitional Metal,299.15429,299.2,Transitional Metal,19.600115,19.6,Transitional Metal,18.404187,18.4,Post-Transition Metal,76.774725,76.77,Transitional Metal,164.74143,164.7,Transitional Metal,040119602002,block_group
G43,G-K-43 garden,Greenlee,Garden Soil,2015-2016,,mg/kg,,7936,7936.1353,Post-Transition Metal,2.831,2.8308716,Metalloid,174.5,174.49844,Alkaline Earth Metal,0.5712181,0.5712,Alkaline Earth Metal,0.2582987,0.2583,Transitional Metal,8.977754,8.978,Transitional Metal,492.26729,492.3,Transitional Metal,20.1702,20.17,Transitional Metal,10.791643,10.79,Post-Transition Metal,44.538975,44.54,Transitional Metal,28.459383,28.46,Transitional Metal,040119603001,block_group
G43,G-K-43 yard,Greenlee,Yard Soil,2015-2016,,mg/kg,,6733,6733.2019,Post-Transition Metal,2.385,2.3850819,Metalloid,185.4,185.42708,Alkaline Earth Metal,0.6444792,0.6445,Alkaline Earth Metal,0.2384305,0.2384,Transitional Metal,9.2279999,9.228,Transitional Metal,400.46419,400.5,Transitional Metal,16.933869,16.93,Transitional Metal,10.881344,10.88,Post-Transition Metal,49.458225,49.46,Transitional Metal,30.436874,30.44,Transitional Metal,040119603001,block_group
G45,G-K-45 garden,Greenlee,Garden Soil,2015-2016,,mg/kg,,5771,5771.3985,Post-Transition Metal,4.029,4.0288983,Metalloid,117.6,117.59678,Alkaline Earth Metal,0.3586695,0.3587,Alkaline Earth Metal,0.226326,0.2263,Transitional Metal,11.847631,11.85,Transitional Metal,314.19962,314.2,Transitional Metal,14.073376,14.07,Transitional Metal,10.217823,10.22,Post-Transition Metal,66.320058,66.32,Transitional Metal,52.555726,52.56,Transitional Metal,040119601001,block_group
G45,G-K-45 yard,Greenlee,Yard Soil,2015-2016,,mg/kg,,7444,7443.6507,Post-Transition Metal,3.43,3.4296361,Metalloid,143.5,143.46272,Alkaline Earth Metal,0.9249017,0.9249,Alkaline Earth Metal,0.3619452,0.3619,Transitional Metal,11.202268,11.2,Transitional Metal,336.05094,336.1,Transitional Metal,17.96121,17.96,Transitional Metal,38.614106,38.61,Post-Transition Metal,60.263957,60.26,Transitional Metal,73.906864,73.91,Transitional Metal,040119601001,block_group
G05,G-K-5 garden,Greenlee,Garden Soil,2015-2016,,mg/kg,,7957,7957.2129,Post-Transition Metal,2.686,2.686439,Metalloid,172.1,172.12669,Alkaline Earth Metal,0.4632731,0.4633,Alkaline Earth Metal,0.3439015,0.3439,Transitional Metal,10.35228,10.35,Transitional Metal,429.31901,429.3,Transitional Metal,18.791746,18.79,Transitional Metal,14.843016,14.84,Post-Transition Metal,77.514963,77.51,Transitional Metal,29.841504,29.84,Transitional Metal,040119603001,block_group
G05,G-K-5 yard,Greenlee,Yard Soil,2015-2016,,mg/kg,,9530,9529.6092,Post-Transition Metal,3.05,3.050368,Metalloid,175.2,175.21599,Alkaline Earth Metal,0.8340507,0.8341,Alkaline Earth Metal,0.2607209,0.2607,Transitional Metal,11.981205,11.98,Transitional Metal,438.36756,438.4,Transitional Metal,20.269724,20.27,Transitional Metal,11.373131,11.37,Post-Transition Metal,58.359293,58.36,Transitional Metal,27.505844,27.51,Transitional Metal,040119603001,block_group
D40,D40-Backyard,Dewey-Humboldt,Yard Soil,2011-2012,,mg/kg,,,,Post-Transition Metal,3.067,3.0674414,Metalloid,117.8,117.78834,Alkaline Earth Metal,,,Alkaline Earth Metal,0.0100318,0.01003,Transitional Metal,10.845948,10.85,Transitional Metal,318.06973,318.1,Transitional Metal,5.8610449,5.861,Transitional Metal,4.9798371,4.98,Post-Transition Metal,35.673222,35.67,Transitional Metal,35.412694,35.41,Transitional Metal,040250015002,block_group
D50,D50-Backyard,Dewey-Humboldt,Yard Soil,2011-2012,,mg/kg,,,,Post-Transition Metal,20.8,20.798945,Metalloid,143.4,143.43613,Alkaline Earth Metal,0.6223637,0.6224,Alkaline Earth Metal,0.3461998,0.3462,Transitional Metal,29.646936,29.65,Transitional Metal,720.84819,720.8,Transitional Metal,20.540589,20.54,Transitional Metal,16.899721,16.9,Post-Transition Metal,78.110525,78.11,Transitional Metal,72.51343,72.51,Transitional Metal,040250007003,block_group
D50,D50-Frontyard,Dewey-Humboldt,Yard Soil,2011-2012,,mg/kg,,,,Post-Transition Metal,16.63,16.628671,Metalloid,145.9,145.94167,Alkaline Earth Metal,0.4380952,0.4381,Alkaline Earth Metal,0.2854167,0.2854,Transitional Metal,44.392857,44.39,Transitional Metal,1149.0321,1149,Transitional Metal,32.615179,32.62,Transitional Metal,131.66974,131.7,Post-Transition Metal,89.909722,89.91,Transitional Metal,79.478175,79.48,Transitional Metal,040250007003,block_group
GS09,GS09Y-082419,Superior,Yard Soil,2019-2020,,mg/kg,,13.17,13.17,Metalloid,9694.77,9694.77,Post-Transition Metal,127.82,127.82,Alkaline Earth Metal,0.44,0.44,Alkaline Earth Metal,1.45,1.45,Transitional Metal,31.91,31.91,Transitional Metal,629.85,629.85,Transitional Metal,17.36,17.36,Transitional Metal,64.12,64.12,Post-Transition Metal,316.14,316.14,Transitional Metal,353.41,353.41,Transitional Metal,040210004002,block_group
GS09,GS09G-082419,Superior,Garden Soil,2019-2020,,mg/kg,,10.25,10.25,Metalloid,5775.49,5775.49,Post-Transition Metal,81.14,81.14,Alkaline Earth Metal,0.45,0.45,Alkaline Earth Metal,0.64,0.64,Transitional Metal,21.93,21.93,Transitional Metal,336.94,336.94,Transitional Metal,9.73,9.73,Transitional Metal,50.15,50.15,Post-Transition Metal,131.21,131.21,Transitional Metal,390.66,390.66,Transitional Metal,040210004002,block_group
GS10,GS10G-082419,Superior,Garden Soil,2019-2020,,mg/kg,,42.53,42.53,Metalloid,9007.48,9007.48,Post-Transition Metal,165.98,165.98,Alkaline Earth Metal,0.50,0.50,Alkaline Earth Metal,1.59,1.59,Transitional Metal,17.77,17.77,Transitional Metal,769.90,769.90,Transitional Metal,15.74,15.74,Transitional Metal,149.91,149.91,Post-Transition Metal,525.02,525.02,Transitional Metal,850.39,850.39,Transitional Metal,040210004003,block_group
GS11,GS11Y-082419,Superior,Yard Soil,2019-2020,,mg/kg,,41.44,41.44,Metalloid,8932.45,8932.45,Post-Transition Metal,138.86,138.86,Alkaline Earth Metal,0.76,0.76,Alkaline Earth Metal,2.94,2.94,Transitional Metal,16.15,16.15,Transitional Metal,3378.80,3378.80,Transitional Metal,24.03,24.03,Transitional Metal,625.01,625.01,Post-Transition Metal,1176.51,1176.51,Transitional Metal,1348.01,1348.01,Transitional Metal,040210004002,block_group
GS13,GS13Y-082419,Superior,Yard Soil,2019-2020,,mg/kg,,15.83,15.83,Metalloid,8730.99,8730.99,Post-Transition Metal,126.39,126.39,Alkaline Earth Metal,0.54,0.54,Alkaline Earth Metal,1.89,1.89,Transitional Metal,21.04,21.04,Transitional Metal,1127.26,1127.26,Transitional Metal,24.49,24.49,Transitional Metal,94.86,94.86,Post-Transition Metal,387.67,387.67,Transitional Metal,209.30,209.30,Transitional Metal,040210004001,block_group
GS13,GS13G-082419,Superior,Garden Soil,2019-2020,,mg/kg,,19.39,19.39,Metalloid,8239.20,8239.20,Post-Transition Metal,124.93,124.93,Alkaline Earth Metal,0.51,0.51,Alkaline Earth Metal,1.08,1.08,Transitional Metal,28.26,28.26,Transitional Metal,993.10,993.10,Transitional Metal,25.19,25.19,Transitional Metal,100.49,100.49,Post-Transition Metal,352.60,352.60,Transitional Metal,246.40,246.40,Transitional Metal,040210004001,block_group
GS14,GS14Y-082419,Superior,Yard Soil,2019-2020,,mg/kg,,20.30,20.30,Metalloid,8660.69,8660.69,Post-Transition Metal,144.05,144.05,Alkaline Earth Metal,0.55,0.55,Alkaline Earth Metal,1.84,1.84,Transitional Metal,27.99,27.99,Transitional Metal,561.94,561.94,Transitional Metal,20.87,20.87,Transitional Metal,100.57,100.57,Post-Transition Metal,464.83,464.83,Transitional Metal,634.31,634.31,Transitional Metal,040210004004,block_group
GS14,GS14G-082419,Superior,Garden Soil,2019-2020,,mg/kg,,32.59,32.59,Metalloid,9960.23,9960.23,Post-Transition Metal,142.32,142.32,Alkaline Earth Metal,0.38,0.38,Alkaline Earth Metal,1.99,1.99,Transitional Metal,26.51,26.51,Transitional Metal,766.25,766.25,Transitional Metal,28.45,28.45,Transitional Metal,159.70,159.70,Post-Transition Metal,559.68,559.68,Transitional Metal,743.08,743.08,Transitional Metal,040210004004,block_group
GS11,GS11G-082419,Superior,Garden Soil,2019-2020,,mg/kg,,40.71,40.71,Metalloid,8153.35,8153.35,Post-Transition Metal,144.34,144.34,Alkaline Earth Metal,0.78,0.78,Alkaline Earth Metal,3.57,3.57,Transitional Metal,19.87,19.87,Transitional Metal,4112.53,4112.53,Transitional Metal,25.25,25.25,Transitional Metal,124.21,124.21,Post-Transition Metal,1394.99,1394.99,Transitional Metal,1523.93,1523.93,Transitional Metal,040210004002,block_group
GS17,GS17Y-082419,Superior,Yard Soil,2019-2020,,mg/kg,,34.82,34.82,Metalloid,6486.29,6486.29,Post-Transition Metal,105.95,105.95,Alkaline Earth Metal,0.41,0.41,Alkaline Earth Metal,1.36,1.36,Transitional Metal,15.81,15.81,Transitional Metal,415.18,415.18,Transitional Metal,18.84,18.84,Transitional Metal,135.46,135.46,Post-Transition Metal,309.05,309.05,Transitional Metal,1047.45,1047.45,Transitional Metal,040210004004,block_group
GS18,GS18Y-082419,Superior,Yard Soil,2019-2020,,mg/kg,,67.99,67.99,Metalloid,9860.67,9860.67,Post-Transition Metal,186.18,186.18,Alkaline Earth Metal,0.43,0.43,Alkaline Earth Metal,2.57,2.57,Transitional Metal,22.03,22.03,Transitional Metal,1291.74,1291.74,Transitional Metal,19.02,19.02,Transitional Metal,145.28,145.28,Post-Transition Metal,514.15,514.15,Transitional Metal,2450.55,2450.55,Transitional Metal,040210004003,block_group
GS19,GS19Y-082419,Superior,Yard Soil,2019-2020,,mg/kg,,29.53,29.53,Metalloid,8193.65,8193.65,Post-Transition Metal,131.52,131.52,Alkaline Earth Metal,0.37,0.37,Alkaline Earth Metal,1.18,1.18,Transitional Metal,20.24,20.24,Transitional Metal,536.59,536.59,Transitional Metal,20.27,20.27,Transitional Metal,105.89,105.89,Post-Transition Metal,329.86,329.86,Transitional Metal,508.27,508.27,Transitional Metal,040210004003,block_group
GS20,GS20Y-082419,Superior,Yard Soil,2019-2020,,mg/kg,,30.73,30.73,Metalloid,6778.38,6778.38,Post-Transition Metal,158.18,158.18,Alkaline Earth Metal,0.42,0.42,Alkaline Earth Metal,1.40,1.40,Transitional Metal,25.48,25.48,Transitional Metal,909.99,909.99,Transitional Metal,17.11,17.11,Transitional Metal,112.04,112.04,Post-Transition Metal,422.73,422.73,Transitional Metal,611.51,611.51,Transitional Metal,040210004003,block_group
GS25,GS25Y-082419,Superior,Yard Soil,2019-2020,,mg/kg,,23.34,23.34,Metalloid,7172.79,7172.79,Post-Transition Metal,140.24,140.24,Alkaline Earth Metal,0.47,0.47,Alkaline Earth Metal,0.83,0.83,Transitional Metal,22.11,22.11,Transitional Metal,1054.95,1054.95,Transitional Metal,17.15,17.15,Transitional Metal,74.71,74.71,Post-Transition Metal,267.49,267.49,Transitional Metal,209.20,209.20,Transitional Metal,040210004002,block_group
