sample,sampleLong,community,type,sampling_year,sampling,units,sample_name,arsenicRaw,arsenic,arsenicIdentifier,aluminumRaw,aluminum,aluminumIdentifier,bariumRaw,barium,bariumIdentifier,berylliumRaw,beryllium,berylliumIdentifier,cadmiumRaw,cadmium,cadmiumIdentifier,chromiumRaw,chromium,chromiumIdentifier,manganeseRaw,manganese,manganeseIdentifier,nickelRaw,nickel,nickelIdentifier,leadRaw,lead,leadIdentifier,zincRaw,zinc,zincIdentifier,copperRaw,copper,copperIdentifier,geoid,geoid_type
D01,D-K-1-Yard,Dewey-Humboldt,Yard Soil,2011-2012,,mg/kg,,56.8646789,56.8646789,Metalloid,,,Post-Transition Metal,137.322298,137.322298,Alkaline Earth Metal,0.40292182,0.40292182,Alkaline Earth Metal,0.52582768,0.52582768,Transitional Metal,27.3222477,27.3222477,Transitional Metal,940.510969,940.510969,Transitional Metal,17.9103012,17.9103012,Transitional Metal,10.4138911,10.4138911,Post-Transition Metal,284.937226,284.937226,Transitional Metal,36.8890108,36.8890108,Transitional Metal,"34.45,-111.98",centroid
D01,D-K-1-Garden,Dewey-Humboldt,Garden Soil,2011-2012,,mg/kg,,91.3049242,91.3049242,Metalloid,,,Post-Transition Metal,170.711124,170.711124,Alkaline Earth Metal,0.32530901,0.32530901,Alkaline Earth Metal,0.33143939,0.33143939,Transitional Metal,16.6442883,16.6442883,Transitional Metal,614.918561,614.918561,Transitional Metal,14.1702053,14.1702053,Transitional Metal,14.1047149,14.1047149,Post-Transition Metal,79.9465211,79.9465211,Transitional Metal,59.113437,59.113437,Transitional Metal,"34.45,-111.98",centroid
D03,D-K-3-Yard,Dewey-Humboldt,Yard Soil,2011-2012,,mg/kg,,30.6906,30.6906,Metalloid,,,Post-Transition Metal,95.7555,95.7555,Alkaline Earth Metal,0.42365,0.42365,Alkaline Earth Metal,0.5068,0.5068,Transitional Metal,33.34015,33.34015,Transitional Metal,457.6542,457.6542,Transitional Metal,18.18505,18.18505,Transitional Metal,13.74875,13.74875,Post-Transition Metal,108.94815,108.94815,Transitional Metal,40.1984,40.1984,Transitional Metal,"34.41,-112.26",centroid
D03,D-K-3-Garden,Dewey-Humboldt,Garden Soil,2011-2012,,mg/kg,,39.2190116,39.2190116,Metalloid,,,Post-Transition Metal,95.9577521,95.9577521,Alkaline Earth Metal,0.5340275,0.5340275,Alkaline Earth Metal,0.45755281,0.45755281,Transitional Metal,23.0832503,23.0832503,Transitional Metal,439.557393,439.557393,Transitional Metal,15.0164906,15.0164906,Transitional Metal,41.6373555,41.6373555,Post-Transition Metal,166.750947,166.750947,Transitional Metal,62.9419091,62.9419091,Transitional Metal,"34.41,-112.26",centroid
D04,D-K-4-Yard,Dewey-Humboldt,Yard Soil,2011-2012,,mg/kg,,19.6700199,19.6700199,Metalloid,,,Post-Transition Metal,177.811155,177.811155,Alkaline Earth Metal,0.38331673,0.38331673,Alkaline Earth Metal,0.31145418,0.31145418,Transitional Metal,34.1086155,34.1086155,Transitional Metal,496.393924,496.393924,Transitional Metal,25.2825199,25.2825199,Transitional Metal,12.6198705,12.6198705,Post-Transition Metal,116.114492,116.114492,Transitional Metal,49.0179283,49.0179283,Transitional Metal,"34.45,-111.98",centroid
D04,D-K-4 Garden,Dewey-Humboldt,Garden Soil,2011-2012,,mg/kg,,45.3611332,45.3611332,Metalloid,,,Post-Transition Metal,165.79503,165.79503,Alkaline Earth Metal,0.28961233,0.28961233,Alkaline Earth Metal,0.10198807,0.10198807,Transitional Metal,22.8720179,22.8720179,Transitional Metal,850.015507,850.015507,Transitional Metal,21.0412028,21.0412028,Transitional Metal,7.93394632,7.93394632,Post-Transition Metal,58.2147614,58.2147614,Transitional Metal,45.3725646,45.3725646,Transitional Metal,"34.45,-111.98",centroid
D07,D-K-7-Yard,Dewey-Humboldt,Yard Soil,2011-2012,,mg/kg,,27.0302307,27.0302307,Metalloid,,,Post-Transition Metal,132.722355,132.722355,Alkaline Earth Metal,0.43899165,0.43899165,Alkaline Earth Metal,0.30529037,0.30529037,Transitional Metal,18.9653441,18.9653441,Transitional Metal,647.678302,647.678302,Transitional Metal,11.7603918,11.7603918,Transitional Metal,9.5906424,9.5906424,Post-Transition Metal,88.2193218,88.2193218,Transitional Metal,45.2249403,45.2249403,Transitional Metal,"34.63,-112.09",centroid
D07,D-K-7-Garden,Dewey-Humboldt,Garden Soil,2011-2012,,mg/kg,,43.1849383,43.1849383,Metalloid,,,Post-Transition Metal,115.052925,115.052925,Alkaline Earth Metal,0.36972742,0.36972742,Alkaline Earth Metal,0.21110227,0.21110227,Transitional Metal,18.3265519,18.3265519,Transitional Metal,683.616594,683.616594,Transitional Metal,11.2656685,11.2656685,Transitional Metal,7.6922503,7.6922503,Post-Transition Metal,51.6896637,51.6896637,Transitional Metal,35.9807998,35.9807998,Transitional Metal,"34.63,-112.09",centroid
D09,D-K-9-Yard,Dewey-Humboldt,Yard Soil,2011-2012,,mg/kg,,74.2717565,74.2717565,Metalloid,,,Post-Transition Metal,148.083234,148.083234,Alkaline Earth Metal,0.30533932,0.30533932,Alkaline Earth Metal,0.16467066,0.16467066,Transitional Metal,15.6457585,15.6457585,Transitional Metal,584.950898,584.950898,Transitional Metal,11.7983533,11.7983533,Transitional Metal,7.43657685,7.43657685,Post-Transition Metal,65.0837824,65.0837824,Transitional Metal,41.4307385,41.4307385,Transitional Metal,"34.45,-111.98",centroid
D09,D-K-9-Garden,Dewey-Humboldt,Garden Soil,2011-2012,,mg/kg,,104.573571,104.573571,Metalloid,,,Post-Transition Metal,215.190124,215.190124,Alkaline Earth Metal,0.3889944,0.3889944,Alkaline Earth Metal,0.17233107,0.17233107,Transitional Metal,15.4116853,15.4116853,Transitional Metal,641.879448,641.879448,Transitional Metal,13.7483507,13.7483507,Transitional Metal,8.87979808,8.87979808,Post-Transition Metal,65.5144442,65.5144442,Transitional Metal,52.9411236,52.9411236,Transitional Metal,"34.45,-111.98",centroid
D11,D-K-11-Yard,Dewey-Humboldt,Yard Soil,2011-2012,,mg/kg,,5.36785857,5.36785857,Metalloid,,,Post-Transition Metal,81.5754095,81.5754095,Alkaline Earth Metal,0.26603076,0.26603076,Alkaline Earth Metal,0.08330004,0.08330004,Transitional Metal,12.9644926,12.9644926,Transitional Metal,373.227926,373.227926,Transitional Metal,6.78920296,6.78920296,Transitional Metal,5.94042149,5.94042149,Post-Transition Metal,52.0542849,52.0542849,Transitional Metal,24.6522173,24.6522173,Transitional Metal,"34.63,-112.09",centroid
D11,D-K-11-Garden,Dewey-Humboldt,Garden Soil,2011-2012,,mg/kg,,3.8973851,3.8973851,Metalloid,,,Post-Transition Metal,88.3080428,88.3080428,Alkaline Earth Metal,0.16397583,0.16397583,Alkaline Earth Metal,0.11430269,0.11430269,Transitional Metal,14.2015155,14.2015155,Transitional Metal,406.171256,406.171256,Transitional Metal,7.08840135,7.08840135,Transitional Metal,8.17071117,8.17071117,Post-Transition Metal,41.9958895,41.9958895,Transitional Metal,24.5817155,24.5817155,Transitional Metal,"34.63,-112.09",centroid
D12,D-K-12-Yard,Dewey-Humboldt,Yard Soil,2011-2012,,mg/kg,,62.0168663,62.0168663,Metalloid,,,Post-Transition Metal,186.786327,186.786327,Alkaline Earth Metal,10.3004491,10.3004491,Alkaline Earth Metal,0.28752495,0.28752495,Transitional Metal,26.0641218,26.0641218,Transitional Metal,540.285729,540.285729,Transitional Metal,16.8527445,16.8527445,Transitional Metal,10.3004491,10.3004491,Post-Transition Metal,105.253942,105.253942,Transitional Metal,56.5904192,56.5904192,Transitional Metal,"34.45,-111.98",centroid
D12,D-K-12-Garden,Dewey-Humboldt,Garden Soil,2011-2012,,mg/kg,,10.1263955,10.1263955,Metalloid,,,Post-Transition Metal,119.003688,119.003688,Alkaline Earth Metal,0.50852273,0.50852273,Alkaline Earth Metal,0.26664673,0.26664673,Transitional Metal,24.5628489,24.5628489,Transitional Metal,569.13447,569.13447,Transitional Metal,18.5956439,18.5956439,Transitional Metal,11.8882077,11.8882077,Post-Transition Metal,121.567833,121.567833,Transitional Metal,83.7529904,83.7529904,Transitional Metal,"34.45,-111.98",centroid
D13,D-K-13-Yard,Dewey-Humboldt,Yard Soil,2011-2012,,mg/kg,,23.9641021,23.9641021,Metalloid,,,Post-Transition Metal,191.801325,191.801325,Alkaline Earth Metal,0.65061313,0.65061313,Alkaline Earth Metal,1.28570016,1.28570016,Transitional Metal,23.2322983,23.2322983,Transitional Metal,583.475771,583.475771,Transitional Metal,19.5855419,19.5855419,Transitional Metal,62.441159,62.441159,Post-Transition Metal,322.2054,322.2054,Transitional Metal,66.425534,66.425534,Transitional Metal,"34.50,-112.28",centroid
D13,D-K-13-Garden,Dewey-Humboldt,Garden Soil,2011-2012,,mg/kg,,12.7562799,12.7562799,Metalloid,,,Post-Transition Metal,127.092305,127.092305,Alkaline Earth Metal,0.46590909,0.46590909,Alkaline Earth Metal,0.26315789,0.26315789,Transitional Metal,26.6423445,26.6423445,Transitional Metal,503.272329,503.272329,Transitional Metal,18.6839115,18.6839115,Transitional Metal,15.7050439,15.7050439,Post-Transition Metal,97.8064195,97.8064195,Transitional Metal,32.9625199,32.9625199,Transitional Metal,"34.50,-112.28",centroid
D15,D-K-15-Yard,Dewey-Humboldt,Yard Soil,2011-2012,,mg/kg,,34.884385,34.884385,Metalloid,,,Post-Transition Metal,290.458666,290.458666,Alkaline Earth Metal,0.51382788,0.51382788,Alkaline Earth Metal,0.62719649,0.62719649,Transitional Metal,41.1129692,41.1129692,Transitional Metal,3201.97434,3201.97434,Transitional Metal,28.935653,28.935653,Transitional Metal,29.6546026,29.6546026,Post-Transition Metal,175.164087,175.164087,Transitional Metal,82.7982228,82.7982228,Transitional Metal,"34.45,-111.98",centroid
D15,D-K-15-Garden,Dewey-Humboldt,Garden Soil,2011-2012,,mg/kg,,43.7685703,43.7685703,Metalloid,,,Post-Transition Metal,476.423423,476.423423,Alkaline Earth Metal,0.76502596,0.76502596,Alkaline Earth Metal,0.79203275,0.79203275,Transitional Metal,49.2191993,49.2191993,Transitional Metal,5195.46675,5195.46675,Transitional Metal,35.7724141,35.7724141,Transitional Metal,62.798772,62.798772,Post-Transition Metal,163.865765,163.865765,Transitional Metal,105.549321,105.549321,Transitional Metal,"34.45,-111.98",centroid
D16,D-K-16-Yard,Dewey-Humboldt,Yard Soil,2011-2012,,mg/kg,,3.94856745,3.94856745,Metalloid,,,Post-Transition Metal,174.579188,174.579188,Alkaline Earth Metal,0.6930959,0.6930959,Alkaline Earth Metal,0.12594509,0.12594509,Transitional Metal,25.0008953,25.0008953,Transitional Metal,794.526263,794.526263,Transitional Metal,16.7212495,16.7212495,Transitional Metal,8.44458814,8.44458814,Post-Transition Metal,44.5737167,44.5737167,Transitional Metal,14.8116793,14.8116793,Transitional Metal,"34.50,-112.28",centroid
D16,D-K-16-Garden,Dewey-Humboldt,Garden Soil,2011-2012,,mg/kg,,2.35380175,2.35380175,Metalloid,,,Post-Transition Metal,89.2956807,89.2956807,Alkaline Earth Metal,0.34524283,0.34524283,Alkaline Earth Metal,0.22919984,0.22919984,Transitional Metal,16.3468352,16.3468352,Transitional Metal,453.740048,453.740048,Transitional Metal,7.91062898,7.91062898,Transitional Metal,7.31478901,7.31478901,Post-Transition Metal,76.9102309,76.9102309,Transitional Metal,27.5479697,27.5479697,Transitional Metal,"34.50,-112.28",centroid
D17,D-K-17-Yard,Dewey-Humboldt,Yard Soil,2011-2012,,mg/kg,,5.9315,5.9315,Metalloid,,,Post-Transition Metal,123.681,123.681,Alkaline Earth Metal,0.44645,0.44645,Alkaline Earth Metal,0.0729,0.0729,Transitional Metal,30.21345,30.21345,Transitional Metal,463.318,463.318,Transitional Metal,24.10285,24.10285,Transitional Metal,6.07085,6.07085,Post-Transition Metal,49.10275,49.10275,Transitional Metal,24.6787,24.6787,Transitional Metal,"34.56,-112.32",centroid
D17,D-K-17-Garden,Dewey-Humboldt,Garden Soil,2011-2012,,mg/kg,,7.49551614,7.49551614,Metalloid,,,Post-Transition Metal,114.322041,114.322041,Alkaline Earth Metal,0.50523117,0.50523117,Alkaline Earth Metal,0.10552013,0.10552013,Transitional Metal,24.4628836,24.4628836,Transitional Metal,484.775409,484.775409,Transitional Metal,19.1193204,19.1193204,Transitional Metal,8.89353328,8.89353328,Post-Transition Metal,47.8935333,47.8935333,Transitional Metal,30.1673974,30.1673974,Transitional Metal,"34.56,-112.32",centroid
D20,D-K-20-Yard,Dewey-Humboldt,Yard Soil,2011-2012,,mg/kg,,32.2943628,32.2943628,Metalloid,,,Post-Transition Metal,173.034041,173.034041,Alkaline Earth Metal,0.44070067,0.44070067,Alkaline Earth Metal,0.10420802,0.10420802,Transitional Metal,17.9551906,17.9551906,Transitional Metal,624.921199,624.921199,Transitional Metal,13.8582275,13.8582275,Transitional Metal,7.49320167,7.49320167,Post-Transition Metal,108.219085,108.219085,Transitional Metal,40.3375347,40.3375347,Transitional Metal,"34.45,-111.98",centroid
D20,D-K-2--Garden,Dewey-Humboldt,Garden Soil,2011-2012,,mg/kg,,34.6018371,34.6018371,Metalloid,,,Post-Transition Metal,177.498103,177.498103,Alkaline Earth Metal,0.4454373,0.4454373,Alkaline Earth Metal,0.05770767,0.05770767,Transitional Metal,16.1919429,16.1919429,Transitional Metal,602.574681,602.574681,Transitional Metal,13.4053015,13.4053015,Transitional Metal,6.64971046,6.64971046,Post-Transition Metal,69.3998103,69.3998103,Transitional Metal,43.0138778,43.0138778,Transitional Metal,"34.45,-111.98",centroid
D21,D-K-21-Yard,Dewey-Humboldt,Yard Soil,2011-2012,,mg/kg,,4.09345143,4.09345143,Metalloid,,,Post-Transition Metal,85.0263734,85.0263734,Alkaline Earth Metal,0.13141919,0.13141919,Alkaline Earth Metal,0.04717357,0.04717357,Transitional Metal,51.6413714,51.6413714,Transitional Metal,210.153364,210.153364,Transitional Metal,24.8444964,24.8444964,Transitional Metal,5.05518511,5.05518511,Post-Transition Metal,37.5686206,37.5686206,Transitional Metal,17.0949443,17.0949443,Transitional Metal,"34.45,-111.98",centroid
D21,D-K-21-Garden,Dewey-Humboldt,Garden Soil,2011-2012,,mg/kg,,3.02305246,3.02305246,Metalloid,,,Post-Transition Metal,118.142886,118.142886,Alkaline Earth Metal,0.11680246,0.11680246,Alkaline Earth Metal,-0.0133148,-0.0133148,Transitional Metal,10.7797595,10.7797595,Transitional Metal,318.116852,318.116852,Transitional Metal,5.86491455,5.86491455,Transitional Metal,4.57924285,4.57924285,Post-Transition Metal,39.4800775,39.4800775,Transitional Metal,38.8831479,38.8831479,Transitional Metal,"34.45,-111.98",centroid
D29,D-K-29-Yard,Dewey-Humboldt,Yard Soil,2011-2012,,mg/kg,,19.88437,19.88437,Metalloid,,,Post-Transition Metal,139.23754,139.23754,Alkaline Earth Metal,0.4416866,0.4416866,Alkaline Earth Metal,0.21232057,0.21232057,Transitional Metal,38.0845295,38.0845295,Transitional Metal,967.546053,967.546053,Transitional Metal,25.235945,25.235945,Transitional Metal,11.3950359,11.3950359,Post-Transition Metal,72.1353668,72.1353668,Transitional Metal,49.8204745,49.8204745,Transitional Metal,"34.50,-112.28",centroid
D21,D-K-29-Garden,Dewey-Humboldt,Garden Soil,2011-2012,,mg/kg,,15.1255971,15.1255971,Metalloid,,,Post-Transition Metal,106.747014,106.747014,Alkaline Earth Metal,0.44237659,0.44237659,Alkaline Earth Metal,0.36813296,0.36813296,Transitional Metal,29.229996,29.229996,Transitional Metal,561.303941,561.303941,Transitional Metal,19.3077229,19.3077229,Transitional Metal,31.5065685,31.5065685,Post-Transition Metal,76.4166998,76.4166998,Transitional Metal,67.2236266,67.2236266,Transitional Metal,"34.45,-111.98",centroid
D32,D-K-32-Yard,Dewey-Humboldt,Yard Soil,2011-2012,,mg/kg,,58.8232776,58.8232776,Metalloid,,,Post-Transition Metal,372.653923,372.653923,Alkaline Earth Metal,0.63391079,0.63391079,Alkaline Earth Metal,1.34000398,1.34000398,Transitional Metal,40.1337117,40.1337117,Transitional Metal,2694.03106,2694.03106,Transitional Metal,30.2776782,30.2776782,Transitional Metal,84.1569096,84.1569096,Post-Transition Metal,336.192354,336.192354,Transitional Metal,173.999403,173.999403,Transitional Metal,"34.45,-111.98",centroid
D32,D-K-32-Garden,Dewey-Humboldt,Garden Soil,2011-2012,,mg/kg,,41.0261373,41.0261373,Metalloid,,,Post-Transition Metal,345.669294,345.669294,Alkaline Earth Metal,0.87859138,0.87859138,Alkaline Earth Metal,0.86173184,0.86173184,Transitional Metal,39.1546289,39.1546289,Transitional Metal,2679.24691,2679.24691,Transitional Metal,33.1223065,33.1223065,Transitional Metal,42.2118915,42.2118915,Post-Transition Metal,171.007083,171.007083,Transitional Metal,119.028532,119.028532,Transitional Metal,"34.45,-111.98",centroid
D34,D-K-34-Yard,Dewey-Humboldt,Yard Soil,2011-2012,,mg/kg,,100.386327,100.386327,Metalloid,,,Post-Transition Metal,204.673752,204.673752,Alkaline Earth Metal,0.14196607,0.14196607,Alkaline Earth Metal,0.82964072,0.82964072,Transitional Metal,46.0619261,46.0619261,Transitional Metal,3556.6013,3556.6013,Transitional Metal,42.6336826,42.6336826,Transitional Metal,140.361427,140.361427,Post-Transition Metal,243.160928,243.160928,Transitional Metal,97.0388224,97.0388224,Transitional Metal,"34.50,-112.28",centroid
D34,D-K-34-Garden,Dewey-Humboldt,Garden Soil,2011-2012,,mg/kg,,47.6580311,47.6580311,Metalloid,,,Post-Transition Metal,167.022419,167.022419,Alkaline Earth Metal,0.68976684,0.68976684,Alkaline Earth Metal,2.57493025,2.57493025,Transitional Metal,27.2931945,27.2931945,Transitional Metal,617.688123,617.688123,Transitional Metal,20.8987146,20.8987146,Transitional Metal,510.490684,510.490684,Post-Transition Metal,631.700827,631.700827,Transitional Metal,459.049024,459.049024,Transitional Metal,"34.50,-112.28",centroid
D35,D-K-35-Yard,Dewey-Humboldt,Yard Soil,2011-2012,,mg/kg,,10.4517159,10.4517159,Metalloid,,,Post-Transition Metal,189.682861,189.682861,Alkaline Earth Metal,0.52848164,0.52848164,Alkaline Earth Metal,0.1429569,0.1429569,Transitional Metal,23.8740523,23.8740523,Transitional Metal,633.385575,633.385575,Transitional Metal,17.7039605,17.7039605,Transitional Metal,9.71194134,9.71194134,Post-Transition Metal,65.8440243,65.8440243,Transitional Metal,31.2561852,31.2561852,Transitional Metal,"34.50,-112.28",centroid
D35,D-K-35-Garden,Dewey-Humboldt,Garden Soil,2011-2012,,mg/kg,,9.91583466,9.91583466,Metalloid,,,Post-Transition Metal,194.039736,194.039736,Alkaline Earth Metal,0.36316893,0.36316893,Alkaline Earth Metal,0.12909345,0.12909345,Transitional Metal,21.968101,21.968101,Transitional Metal,595.682408,595.682408,Transitional Metal,17.0548622,17.0548622,Transitional Metal,8.79188299,8.79188299,Post-Transition Metal,61.2388678,61.2388678,Transitional Metal,25.3538339,25.3538339,Transitional Metal,"34.50,-112.28",centroid
D37,D-K-37-Yard,Dewey-Humboldt,Yard Soil,2011-2012,,mg/kg,,26.5054737,26.5054737,Metalloid,,,Post-Transition Metal,142.33758,142.33758,Alkaline Earth Metal,0.35081608,0.35081608,Alkaline Earth Metal,0.21019108,0.21019108,Transitional Metal,17.1611266,17.1611266,Transitional Metal,646.569168,646.569168,Transitional Metal,13.8597731,13.8597731,Transitional Metal,10.9046576,10.9046576,Post-Transition Metal,70.6398288,70.6398288,Transitional Metal,49.3925159,49.3925159,Transitional Metal,"34.45,-111.98",centroid
D37,D-K-37-Garden,Dewey-Humboldt,Garden Soil,2011-2012,,mg/kg,,27.9152728,27.9152728,Metalloid,,,Post-Transition Metal,143.893967,143.893967,Alkaline Earth Metal,0.31810036,0.31810036,Alkaline Earth Metal,0.29918359,0.29918359,Transitional Metal,18.2548785,18.2548785,Transitional Metal,698.332039,698.332039,Transitional Metal,14.6924532,14.6924532,Transitional Metal,11.0128435,11.0128435,Post-Transition Metal,70.6540223,70.6540223,Transitional Metal,45.56591,45.56591,Transitional Metal,"34.45,-111.98",centroid
D38,D-K-38-Yard,Dewey-Humboldt,Yard Soil,2011-2012,,mg/kg,,66.8394422,66.8394422,Metalloid,,,Post-Transition Metal,290.055677,290.055677,Alkaline Earth Metal,0.69282869,0.69282869,Alkaline Earth Metal,1.09093625,1.09093625,Transitional Metal,38.3801793,38.3801793,Transitional Metal,1960.01843,1960.01843,Transitional Metal,32.0964143,32.0964143,Transitional Metal,75.7853586,75.7853586,Post-Transition Metal,282.336653,282.336653,Transitional Metal,127.114044,127.114044,Transitional Metal,"34.50,-112.28",centroid
D38,D-K-38-Garden,Dewey-Humboldt,Garden Soil,2011-2012,,mg/kg,,9.69554357,9.69554357,Metalloid,,,Post-Transition Metal,103.082134,103.082134,Alkaline Earth Metal,0.32014388,0.32014388,Alkaline Earth Metal,0.60481615,0.60481615,Transitional Metal,27.4611311,27.4611311,Transitional Metal,440.952338,440.952338,Transitional Metal,19.9721223,19.9721223,Transitional Metal,21.8320344,21.8320344,Post-Transition Metal,116.308153,116.308153,Transitional Metal,60.70004,60.70004,Transitional Metal,"34.50,-112.28",centroid
D39,D-K-39-Yard,Dewey-Humboldt,Yard Soil,2011-2012,,mg/kg,,23.8764869,23.8764869,Metalloid,,,Post-Transition Metal,132.514274,132.514274,Alkaline Earth Metal,0.51516653,0.51516653,Alkaline Earth Metal,0.24702617,0.24702617,Transitional Metal,24.0423275,24.0423275,Transitional Metal,607.980868,607.980868,Transitional Metal,17.1988501,17.1988501,Transitional Metal,22.8291039,22.8291039,Post-Transition Metal,83.3645916,83.3645916,Transitional Metal,33.8472443,33.8472443,Transitional Metal,"34.65,-112.28",centroid
D39,D-K-39-Garden,Dewey-Humboldt,Garden Soil,2011-2012,,mg/kg,,30.2119587,30.2119587,Metalloid,,,Post-Transition Metal,132.164879,132.164879,Alkaline Earth Metal,0.42555511,0.42555511,Alkaline Earth Metal,0.26678586,0.26678586,Transitional Metal,25.2680771,25.2680771,Transitional Metal,611.893425,611.893425,Transitional Metal,17.6170044,17.6170044,Transitional Metal,16.0200636,16.0200636,Post-Transition Metal,81.8337306,81.8337306,Transitional Metal,36.6383592,36.6383592,Transitional Metal,"34.65,-112.28",centroid
D40,D-K-40-Yard,Dewey-Humboldt,Yard Soil,2011-2012,,mg/kg,,3.0674414,3.0674414,Metalloid,,,Post-Transition Metal,117.788339,117.788339,Alkaline Earth Metal,#VALUE!,#VALUE!,Alkaline Earth Metal,0.01003178,0.01003178,Transitional Metal,10.8459476,10.8459476,Transitional Metal,318.069726,318.069726,Transitional Metal,5.86104489,5.86104489,Transitional Metal,4.97983711,4.97983711,Post-Transition Metal,35.6732221,35.6732221,Transitional Metal,35.4126937,35.4126937,Transitional Metal,"34.45,-111.98",centroid
D40,D-K-40-Garden,Dewey-Humboldt,Yard Soil,2011-2012,,mg/kg,,21.2862117,21.2862117,Metalloid,,,Post-Transition Metal,178.625945,178.625945,Alkaline Earth Metal,#VALUE!,#VALUE!,Alkaline Earth Metal,0.37057302,0.37057302,Transitional Metal,31.8281934,31.8281934,Transitional Metal,1363.2696,1363.2696,Transitional Metal,28.7217469,28.7217469,Transitional Metal,25.9585157,25.9585157,Post-Transition Metal,80.7715877,80.7715877,Transitional Metal,55.6757859,55.6757859,Transitional Metal,"34.45,-111.98",centroid
D41,D-K-41-Yard,Dewey-Humboldt,Yard Soil,2011-2012,,mg/kg,,322.277057,322.277057,Metalloid,,,Post-Transition Metal,122.385783,122.385783,Alkaline Earth Metal,0.25933506,0.25933506,Alkaline Earth Metal,0.44588658,0.44588658,Transitional Metal,47.4104932,47.4104932,Transitional Metal,829.01238,829.01238,Transitional Metal,39.3551817,39.3551817,Transitional Metal,19.4776857,19.4776857,Post-Transition Metal,163.34999,163.34999,Transitional Metal,70.2077676,70.2077676,Transitional Metal,"34.45,-111.98",centroid
D41,D-K-41-Garden,Dewey-Humboldt,Garden Soil,2011-2012,,mg/kg,,373.447473,373.447473,Metalloid,,,Post-Transition Metal,159.87684,159.87684,Alkaline Earth Metal,0.68717668,0.68717668,Alkaline Earth Metal,0.49393156,0.49393156,Transitional Metal,157.449314,157.449314,Transitional Metal,1791.05929,1791.05929,Transitional Metal,86.9890072,86.9890072,Transitional Metal,22.0620275,22.0620275,Post-Transition Metal,134.924045,134.924045,Transitional Metal,85.979805,85.979805,Transitional Metal,"34.45,-111.98",centroid
D45,D-K-45-Yard,Dewey-Humboldt,Yard Soil,2011-2012,,mg/kg,,74.1472466,74.1472466,Metalloid,,,Post-Transition Metal,184.539505,184.539505,Alkaline Earth Metal,0.62100958,0.62100958,Alkaline Earth Metal,0.19193935,0.19193935,Transitional Metal,21.7080008,21.7080008,Transitional Metal,578.605247,578.605247,Transitional Metal,20.4187949,20.4187949,Transitional Metal,12.2500998,12.2500998,Post-Transition Metal,69.9675778,69.9675778,Transitional Metal,56.8277135,56.8277135,Transitional Metal,"34.45,-111.98",centroid
D45,D-K-45-Garden,Dewey-Humboldt,Garden Soil,2011-2012,,mg/kg,,31.8956921,31.8956921,Metalloid,,,Post-Transition Metal,98.0457718,98.0457718,Alkaline Earth Metal,0.33556043,0.33556043,Alkaline Earth Metal,0.08775429,0.08775429,Transitional Metal,20.9918229,20.9918229,Transitional Metal,376.703829,376.703829,Transitional Metal,16.5574392,16.5574392,Transitional Metal,6.46848823,6.46848823,Post-Transition Metal,43.1780016,43.1780016,Transitional Metal,29.7006382,29.7006382,Transitional Metal,"34.45,-111.98",centroid
D50,D-K-50-Yard,Dewey-Humboldt,Yard Soil,2011-2012,,mg/kg,,20.7989455,20.7989455,Metalloid,,,Post-Transition Metal,143.436132,143.436132,Alkaline Earth Metal,0.62236371,0.62236371,Alkaline Earth Metal,0.34619976,0.34619976,Transitional Metal,29.6469359,29.6469359,Transitional Metal,720.848189,720.848189,Transitional Metal,20.5405889,20.5405889,Transitional Metal,16.8997214,16.8997214,Post-Transition Metal,78.1105253,78.1105253,Transitional Metal,72.5134302,72.5134302,Transitional Metal,"34.50,-112.28",centroid
D50,D-K-50-Garden,Dewey-Humboldt,Yard Soil,2011-2012,,mg/kg,,16.6286706,16.6286706,Metalloid,,,Post-Transition Metal,145.941667,145.941667,Alkaline Earth Metal,0.43809524,0.43809524,Alkaline Earth Metal,0.28541667,0.28541667,Transitional Metal,44.3928571,44.3928571,Transitional Metal,1149.03214,1149.03214,Transitional Metal,32.6151786,32.6151786,Transitional Metal,131.669742,131.669742,Post-Transition Metal,89.9097222,89.9097222,Transitional Metal,79.4781746,79.4781746,Transitional Metal,"34.50,-112.28",centroid
A06,A-K-6 garden,Apache,Garden Soil,2015-2016,,mg/kg,,2.88,2.88,Metalloid,7829,7829,Post-Transition Metal,207.14,207.14,Alkaline Earth Metal,0.68,0.68,Alkaline Earth Metal,0.21,0.21,Transitional Metal,18.6,18.6,Transitional Metal,234.82,234.82,Transitional Metal,11.32,11.32,Transitional Metal,5.71,5.71,Post-Transition Metal,33.57,33.57,Transitional Metal,18.5,18.5,Transitional Metal,"34.77,-109.60",centroid
A06,A-K-6 yard,Apache,Yard Soil,2015-2016,,mg/kg,,9.28,9.28,Metalloid,9160,9160,Post-Transition Metal,338.11,338.11,Alkaline Earth Metal,1.18,1.18,Alkaline Earth Metal,0.2,0.2,Transitional Metal,24.37,24.37,Transitional Metal,417.21,417.21,Transitional Metal,16.36,16.36,Transitional Metal,6.52,6.52,Post-Transition Metal,43.03,43.03,Transitional Metal,18.44,18.44,Transitional Metal,"34.77,-109.60",centroid
A14,A-K-14 garden,Apache,Garden Soil,2015-2016,,mg/kg,,7.63,7.63,Metalloid,8239,8239,Post-Transition Metal,400.89,400.89,Alkaline Earth Metal,1.18,1.18,Alkaline Earth Metal,0.3,0.3,Transitional Metal,22.42,22.42,Transitional Metal,406.95,406.95,Transitional Metal,12.69,12.69,Transitional Metal,54.7,54.7,Post-Transition Metal,111.19,111.19,Transitional Metal,23.28,23.28,Transitional Metal,"34.54,-109.33",centroid
A14,A-K-14 yard,Apache,Yard Soil,2015-2016,,mg/kg,,9.43,9.43,Metalloid,12246,12246,Post-Transition Metal,1576,1576,Alkaline Earth Metal,0.61,0.61,Alkaline Earth Metal,0.15,0.15,Transitional Metal,19.95,19.95,Transitional Metal,502.72,502.72,Transitional Metal,14.55,14.55,Transitional Metal,13.92,13.92,Post-Transition Metal,68.74,68.74,Transitional Metal,21.4,21.4,Transitional Metal,"34.54,-109.33",centroid
A19,A-19-1 garden,Apache,Garden Soil,2015-2016,,mg/kg,,5.47,5.47,Metalloid,8180,8180,Post-Transition Metal,191.27,191.27,Alkaline Earth Metal,0.74,0.74,Alkaline Earth Metal,0.55,0.55,Transitional Metal,57.6,57.6,Transitional Metal,388.89,388.89,Transitional Metal,23.8,23.8,Transitional Metal,253.82,253.82,Post-Transition Metal,215.35,215.35,Transitional Metal,115.99,115.99,Transitional Metal,"34.32,-109.27",centroid
A19,A-19-2 raspberry patch,Apache,Garden Soil,2015-2016,,mg/kg,,2.83,2.83,Metalloid,8749,8749,Post-Transition Metal,312.47,312.47,Alkaline Earth Metal,0.45,0.45,Alkaline Earth Metal,0.64,0.64,Transitional Metal,21.05,21.05,Transitional Metal,456.99,456.99,Transitional Metal,32.22,32.22,Transitional Metal,66.19,66.19,Post-Transition Metal,178.28,178.28,Transitional Metal,22.84,22.84,Transitional Metal,"34.32,-109.27",centroid
A19,A-19-3 peach trees area,Apache,Garden Soil,2015-2016,,mg/kg,,4.18,4.18,Metalloid,17070,17070,Post-Transition Metal,315.59,315.59,Alkaline Earth Metal,0.8,0.8,Alkaline Earth Metal,0.37,0.37,Transitional Metal,28.21,28.21,Transitional Metal,682.02,682.02,Transitional Metal,40.27,40.27,Transitional Metal,105.81,105.81,Post-Transition Metal,90.54,90.54,Transitional Metal,27.07,27.07,Transitional Metal,"34.32,-109.27",centroid
A19,A-19-4 strawberry patch,Apache,Garden Soil,2015-2016,,mg/kg,,3.67,3.67,Metalloid,17532,17532,Post-Transition Metal,304.07,304.07,Alkaline Earth Metal,1.17,1.17,Alkaline Earth Metal,0.4,0.4,Transitional Metal,22.98,22.98,Transitional Metal,613.24,613.24,Transitional Metal,32.88,32.88,Transitional Metal,27.06,27.06,Post-Transition Metal,78.78,78.78,Transitional Metal,22.29,22.29,Transitional Metal,"34.32,-109.27",centroid
A19,A-19-5 corn patch,Apache,Garden Soil,2015-2016,,mg/kg,,7.04,7.04,Metalloid,9944,9944,Post-Transition Metal,258.34,258.34,Alkaline Earth Metal,0.58,0.58,Alkaline Earth Metal,0.53,0.53,Transitional Metal,29.45,29.45,Transitional Metal,619.17,619.17,Transitional Metal,19.98,19.98,Transitional Metal,47.18,47.18,Post-Transition Metal,115.02,115.02,Transitional Metal,29.65,29.65,Transitional Metal,"34.32,-109.27",centroid
A26,A-K-26 garden A,Apache,Garden Soil,2015-2016,,mg/kg,,2.93,2.93,Metalloid,4992,4992,Post-Transition Metal,171.92,171.92,Alkaline Earth Metal,0.2,0.2,Alkaline Earth Metal,0.41,0.41,Transitional Metal,32.97,32.97,Transitional Metal,381.26,381.26,Transitional Metal,12.4,12.4,Transitional Metal,16.01,16.01,Post-Transition Metal,183.34,183.34,Transitional Metal,44.32,44.32,Transitional Metal,"34.12,-109.27",centroid
A26,A-K-26 garden B,Apache,Garden Soil,2015-2016,,mg/kg,,3.31,3.31,Metalloid,5873,5873,Post-Transition Metal,200.6,200.6,Alkaline Earth Metal,0.16,0.16,Alkaline Earth Metal,0.52,0.52,Transitional Metal,32.04,32.04,Transitional Metal,438.52,438.52,Transitional Metal,13.83,13.83,Transitional Metal,16.8,16.8,Post-Transition Metal,212,212,Transitional Metal,51.89,51.89,Transitional Metal,"34.12,-109.27",centroid
A26,A-K-26 yard,Apache,Yard Soil,2015-2016,,mg/kg,,2.83,2.83,Metalloid,10894,10894,Post-Transition Metal,286.4,286.4,Alkaline Earth Metal,0.61,0.61,Alkaline Earth Metal,0.32,0.32,Transitional Metal,20.66,20.66,Transitional Metal,627.83,627.83,Transitional Metal,51.02,51.02,Transitional Metal,17.83,17.83,Post-Transition Metal,105.9,105.9,Transitional Metal,25.73,25.73,Transitional Metal,"34.12,-109.27",centroid
A23,A-K-23 garden A square,Apache,Garden Soil,2015-2016,,mg/kg,,2.28,2.28,Metalloid,21413,21413,Post-Transition Metal,742.05,742.05,Alkaline Earth Metal,1.39,1.39,Alkaline Earth Metal,0.14,0.14,Transitional Metal,12.42,12.42,Transitional Metal,337.44,337.44,Transitional Metal,9.6,9.6,Transitional Metal,18.82,18.82,Post-Transition Metal,55.06,55.06,Transitional Metal,16.48,16.48,Transitional Metal,"34.77,-109.60",centroid
A23,A-K-23 garden A triangle,Apache,Garden Soil,2015-2016,,mg/kg,,1.94,1.94,Metalloid,4076,4076,Post-Transition Metal,165.57,165.57,Alkaline Earth Metal,0.25,0.25,Alkaline Earth Metal,0.1,0.1,Transitional Metal,18.78,18.78,Transitional Metal,149.59,149.59,Transitional Metal,9.14,9.14,Transitional Metal,4.65,4.65,Post-Transition Metal,38.5,38.5,Transitional Metal,10.8,10.8,Transitional Metal,"34.77,-109.60",centroid
A23,A-K-23 garden B square,Apache,Garden Soil,2015-2016,,mg/kg,,2.01,2.01,Metalloid,16638,16638,Post-Transition Metal,629.49,629.49,Alkaline Earth Metal,1.23,1.23,Alkaline Earth Metal,0.13,0.13,Transitional Metal,9.6,9.6,Transitional Metal,320.06,320.06,Transitional Metal,8.42,8.42,Transitional Metal,17.11,17.11,Post-Transition Metal,51.64,51.64,Transitional Metal,15.45,15.45,Transitional Metal,"34.77,-109.60",centroid
A23,A-K-23 garden B triangle,Apache,Garden Soil,2015-2016,,mg/kg,,2.61,2.61,Metalloid,6688,6688,Post-Transition Metal,160.43,160.43,Alkaline Earth Metal,0.5,0.5,Alkaline Earth Metal,0.09,0.09,Transitional Metal,23.45,23.45,Transitional Metal,155.9,155.9,Transitional Metal,10.75,10.75,Transitional Metal,4.76,4.76,Post-Transition Metal,41.18,41.18,Transitional Metal,11.29,11.29,Transitional Metal,"34.77,-109.60",centroid
C01,C-K-1 garden,Cochise,Garden Soil,2015-2016,,mg/kg,,3.92,3.92,Metalloid,7981.78,7981.78,Post-Transition Metal,100.49,100.49,Alkaline Earth Metal,0.7,0.7,Alkaline Earth Metal,0.33,0.33,Transitional Metal,21.72,21.72,Transitional Metal,589.33,589.33,Transitional Metal,8.02,8.02,Transitional Metal,23.49,23.49,Post-Transition Metal,37,37,Transitional Metal,34.98,34.98,Transitional Metal,"31.42,-110.19",centroid
C01,C-K-1 yard,Cochise,Yard Soil,2015-2016,,mg/kg,,3.48,3.48,Metalloid,8038.38,8038.38,Post-Transition Metal,103.02,103.02,Alkaline Earth Metal,0.69,0.69,Alkaline Earth Metal,0.42,0.42,Transitional Metal,19.91,19.91,Transitional Metal,637.47,637.47,Transitional Metal,8.38,8.38,Transitional Metal,30.66,30.66,Post-Transition Metal,51.92,51.92,Transitional Metal,41.88,41.88,Transitional Metal,"31.42,-110.19",centroid
C03,C-K-3 garden,Cochise,Garden Soil,2015-2016,,mg/kg,,6.92,6.92,Metalloid,7806.54,7806.54,Post-Transition Metal,152.51,152.51,Alkaline Earth Metal,0.65,0.65,Alkaline Earth Metal,0.45,0.45,Transitional Metal,19.45,19.45,Transitional Metal,424.51,424.51,Transitional Metal,8.58,8.58,Transitional Metal,19.72,19.72,Post-Transition Metal,145.51,145.51,Transitional Metal,56.54,56.54,Transitional Metal,"31.57,-110.30",centroid
C03,C-K-3 yard,Cochise,Yard Soil,2015-2016,,mg/kg,,5.76,5.76,Metalloid,5281.56,5281.56,Post-Transition Metal,110.43,110.43,Alkaline Earth Metal,0.63,0.63,Alkaline Earth Metal,0.26,0.26,Transitional Metal,18.72,18.72,Transitional Metal,383.14,383.14,Transitional Metal,6.94,6.94,Transitional Metal,22.46,22.46,Post-Transition Metal,61.48,61.48,Transitional Metal,16.26,16.26,Transitional Metal,"31.57,-110.30",centroid
C05,C-K-5 yard,Cochise,Yard Soil,2015-2016,,mg/kg,,2.76,2.76,Metalloid,10596.47,10596.47,Post-Transition Metal,111.96,111.96,Alkaline Earth Metal,0.76,0.76,Alkaline Earth Metal,0.2,0.2,Transitional Metal,21.96,21.96,Transitional Metal,286.7,286.7,Transitional Metal,9.67,9.67,Transitional Metal,9.7,9.7,Post-Transition Metal,47.67,47.67,Transitional Metal,16.3,16.3,Transitional Metal,"31.54,-110.27",centroid
C08,C-K-8 garden,Cochise,Garden Soil,2015-2016,,mg/kg,,4.14,4.14,Metalloid,6006.23,6006.23,Post-Transition Metal,144.45,144.45,Alkaline Earth Metal,0.52,0.52,Alkaline Earth Metal,0.31,0.31,Transitional Metal,18.59,18.59,Transitional Metal,352.27,352.27,Transitional Metal,6.76,6.76,Transitional Metal,13.07,13.07,Post-Transition Metal,106.72,106.72,Transitional Metal,36.5,36.5,Transitional Metal,"31.41,-110.36",centroid
C08,C-K-8 yard,Cochise,Yard Soil,2015-2016,,mg/kg,,8.92,8.92,Metalloid,21245.34,21245.34,Post-Transition Metal,94.44,94.44,Alkaline Earth Metal,1.29,1.29,Alkaline Earth Metal,0.32,0.32,Transitional Metal,20.94,20.94,Transitional Metal,294.74,294.74,Transitional Metal,9.54,9.54,Transitional Metal,20.73,20.73,Post-Transition Metal,61.38,61.38,Transitional Metal,23.75,23.75,Transitional Metal,"31.41,-110.36",centroid
C10,C-K-10 garden,Cochise,Garden Soil,2015-2016,,mg/kg,,3.51,3.51,Metalloid,10902.41,10902.41,Post-Transition Metal,214.46,214.46,Alkaline Earth Metal,0.51,0.51,Alkaline Earth Metal,0.62,0.62,Transitional Metal,24.1,24.1,Transitional Metal,485.38,485.38,Transitional Metal,11.12,11.12,Transitional Metal,25.91,25.91,Post-Transition Metal,342.66,342.66,Transitional Metal,105.95,105.95,Transitional Metal,"31.41,-110.36",centroid
C10,C-K-10 yard,Cochise,Yard Soil,2015-2016,,mg/kg,,2.33,2.33,Metalloid,7697.03,7697.03,Post-Transition Metal,90.91,90.91,Alkaline Earth Metal,0.78,0.78,Alkaline Earth Metal,0.31,0.31,Transitional Metal,21.17,21.17,Transitional Metal,508.51,508.51,Transitional Metal,6.8,6.8,Transitional Metal,35.9,35.9,Post-Transition Metal,72.91,72.91,Transitional Metal,21.4,21.4,Transitional Metal,"31.41,-110.36",centroid
C11,C-K-11 garden,Cochise,Garden Soil,2015-2016,,mg/kg,,8.77,8.77,Metalloid,11812.11,11812.11,Post-Transition Metal,210.7,210.7,Alkaline Earth Metal,0.83,0.83,Alkaline Earth Metal,0.8,0.8,Transitional Metal,37.12,37.12,Transitional Metal,638.52,638.52,Transitional Metal,22.53,22.53,Transitional Metal,45.36,45.36,Post-Transition Metal,304.48,304.48,Transitional Metal,100.63,100.63,Transitional Metal,"32.38,-109.90",centroid
C11,C-K-11 yard,Cochise,Yard Soil,2015-2016,,mg/kg,,1.87,1.87,Metalloid,8794.92,8794.92,Post-Transition Metal,158.05,158.05,Alkaline Earth Metal,0.71,0.71,Alkaline Earth Metal,0.25,0.25,Transitional Metal,20.98,20.98,Transitional Metal,421.33,421.33,Transitional Metal,9.86,9.86,Transitional Metal,14.37,14.37,Post-Transition Metal,37.8,37.8,Transitional Metal,17.42,17.42,Transitional Metal,"32.38,-109.90",centroid
C12,C-K-12 garden,Cochise,Garden Soil,2015-2016,,mg/kg,,3.26,3.26,Metalloid,8684.75,8684.75,Post-Transition Metal,154.1,154.1,Alkaline Earth Metal,0.98,0.98,Alkaline Earth Metal,1.16,1.16,Transitional Metal,26.21,26.21,Transitional Metal,619.56,619.56,Transitional Metal,10.84,10.84,Transitional Metal,111.51,111.51,Post-Transition Metal,644.7,644.7,Transitional Metal,83.57,83.57,Transitional Metal,"31.41,-110.36",centroid
C12,C-K-12 yard,Cochise,Yard Soil,2015-2016,,mg/kg,,1.82,1.82,Metalloid,6755.6,6755.6,Post-Transition Metal,114.34,114.34,Alkaline Earth Metal,0.85,0.85,Alkaline Earth Metal,0.55,0.55,Transitional Metal,20.81,20.81,Transitional Metal,598.24,598.24,Transitional Metal,5.74,5.74,Transitional Metal,50.98,50.98,Post-Transition Metal,138.86,138.86,Transitional Metal,26.22,26.22,Transitional Metal,"31.41,-110.36",centroid
C13,C-K-13 garden,Cochise,Garden Soil,2015-2016,,mg/kg,,9.92,9.92,Metalloid,13742.68,13742.68,Post-Transition Metal,137.19,137.19,Alkaline Earth Metal,1.26,1.26,Alkaline Earth Metal,0.33,0.33,Transitional Metal,25.49,25.49,Transitional Metal,394.11,394.11,Transitional Metal,13.15,13.15,Transitional Metal,30.12,30.12,Post-Transition Metal,79.08,79.08,Transitional Metal,37.08,37.08,Transitional Metal,"31.48,-110.04",centroid
C13,C-K-13 yard,Cochise,Yard Soil,2015-2016,,mg/kg,,3.24,3.24,Metalloid,7469.58,7469.58,Post-Transition Metal,77.96,77.96,Alkaline Earth Metal,0.9,0.9,Alkaline Earth Metal,0.17,0.17,Transitional Metal,24.63,24.63,Transitional Metal,357.69,357.69,Transitional Metal,8.43,8.43,Transitional Metal,16.43,16.43,Post-Transition Metal,27.49,27.49,Transitional Metal,14.05,14.05,Transitional Metal,"31.48,-110.04",centroid
C15,C-K-15 garden,Cochise,Garden Soil,2015-2016,,mg/kg,,4.63,4.63,Metalloid,10278.43,10278.43,Post-Transition Metal,120.63,120.63,Alkaline Earth Metal,1.01,1.01,Alkaline Earth Metal,0.38,0.38,Transitional Metal,25.93,25.93,Transitional Metal,491.7,491.7,Transitional Metal,10.63,10.63,Transitional Metal,23.68,23.68,Post-Transition Metal,106.3,106.3,Transitional Metal,47.31,47.31,Transitional Metal,"31.49,-110.27",centroid
C15,C-K-15 yard,Cochise,Yard Soil,2015-2016,,mg/kg,,4.39,4.39,Metalloid,6495.5,6495.5,Post-Transition Metal,82.42,82.42,Alkaline Earth Metal,0.64,0.64,Alkaline Earth Metal,2.57,2.57,Transitional Metal,22.19,22.19,Transitional Metal,506.8,506.8,Transitional Metal,7.26,7.26,Transitional Metal,172.28,172.28,Post-Transition Metal,245.33,245.33,Transitional Metal,34.25,34.25,Transitional Metal,"31.49,-110.27",centroid
C16,C-K-16 garden,Cochise,Garden Soil,2015-2016,,mg/kg,,2.56,2.56,Metalloid,5448.61,5448.61,Post-Transition Metal,115.35,115.35,Alkaline Earth Metal,0.64,0.64,Alkaline Earth Metal,0.36,0.36,Transitional Metal,21.59,21.59,Transitional Metal,812.46,812.46,Transitional Metal,5.51,5.51,Transitional Metal,23.83,23.83,Post-Transition Metal,71.28,71.28,Transitional Metal,23.44,23.44,Transitional Metal,"31.41,-110.36",centroid
C16,C-K-16 yard,Cochise,Yard Soil,2015-2016,,mg/kg,,3.64,3.64,Metalloid,4871.31,4871.31,Post-Transition Metal,138.91,138.91,Alkaline Earth Metal,0.81,0.81,Alkaline Earth Metal,0.51,0.51,Transitional Metal,22.11,22.11,Transitional Metal,785.48,785.48,Transitional Metal,5.37,5.37,Transitional Metal,29.76,29.76,Post-Transition Metal,70.07,70.07,Transitional Metal,36.97,36.97,Transitional Metal,"31.41,-110.36",centroid
C18,C-K-18 garden,Cochise,Garden Soil,2015-2016,,mg/kg,,2.76,2.76,Metalloid,5649.03,5649.03,Post-Transition Metal,359.64,359.64,Alkaline Earth Metal,0.69,0.69,Alkaline Earth Metal,0.74,0.74,Transitional Metal,18.63,18.63,Transitional Metal,255.55,255.55,Transitional Metal,9.06,9.06,Transitional Metal,17.1,17.1,Post-Transition Metal,368.8,368.8,Transitional Metal,187.25,187.25,Transitional Metal,"31.58,-110.19",centroid
C18,C-K-18 yard,Cochise,Yard Soil,2015-2016,,mg/kg,,5.89,5.89,Metalloid,14700.35,14700.35,Post-Transition Metal,106.95,106.95,Alkaline Earth Metal,1.34,1.34,Alkaline Earth Metal,0.19,0.19,Transitional Metal,27.49,27.49,Transitional Metal,233.26,233.26,Transitional Metal,12.34,12.34,Transitional Metal,15.69,15.69,Post-Transition Metal,38.34,38.34,Transitional Metal,20.75,20.75,Transitional Metal,"31.58,-110.19",centroid
C21,C-K-21 garden,Cochise,Garden Soil,2015-2016,,mg/kg,,18.75,18.75,Metalloid,14308.97,14308.97,Post-Transition Metal,681.82,681.82,Alkaline Earth Metal,1.1,1.1,Alkaline Earth Metal,6.89,6.89,Transitional Metal,37.74,37.74,Transitional Metal,1367.3,1367.3,Transitional Metal,19.47,19.47,Transitional Metal,234.73,234.73,Post-Transition Metal,1625.66,1625.66,Transitional Metal,683.63,683.63,Transitional Metal,"31.41,-109.89",centroid
C22,C-K-22 garden,Cochise,Garden Soil,2015-2016,,mg/kg,,4.34,4.34,Metalloid,8619.55,8619.55,Post-Transition Metal,127.55,127.55,Alkaline Earth Metal,0.52,0.52,Alkaline Earth Metal,0.35,0.35,Transitional Metal,23.72,23.72,Transitional Metal,375.38,375.38,Transitional Metal,9.01,9.01,Transitional Metal,16.96,16.96,Post-Transition Metal,121.31,121.31,Transitional Metal,48.3,48.3,Transitional Metal,"31.42,-110.19",centroid
C22,C-K-22 yard,Cochise,Yard Soil,2015-2016,,mg/kg,,6.47,6.47,Metalloid,10823.71,10823.71,Post-Transition Metal,131.65,131.65,Alkaline Earth Metal,0.81,0.81,Alkaline Earth Metal,0.44,0.44,Transitional Metal,25.15,25.15,Transitional Metal,551.7,551.7,Transitional Metal,11.1,11.1,Transitional Metal,34.48,34.48,Post-Transition Metal,69.49,69.49,Transitional Metal,41.43,41.43,Transitional Metal,"31.42,-110.19",centroid
C23,C-K-23 garden,Cochise,Garden Soil,2015-2016,,mg/kg,,5.83,5.83,Metalloid,6972.86,6972.86,Post-Transition Metal,127.95,127.95,Alkaline Earth Metal,0.58,0.58,Alkaline Earth Metal,0.51,0.51,Transitional Metal,30.74,30.74,Transitional Metal,353.56,353.56,Transitional Metal,22.37,22.37,Transitional Metal,34.44,34.44,Post-Transition Metal,144.3,144.3,Transitional Metal,50.4,50.4,Transitional Metal,"31.48,-110.04",centroid
C23,C-K-23 yard,Cochise,Yard Soil,2015-2016,,mg/kg,,8.33,8.33,Metalloid,11554.22,11554.22,Post-Transition Metal,210.19,210.19,Alkaline Earth Metal,1.4,1.4,Alkaline Earth Metal,0.36,0.36,Transitional Metal,19.97,19.97,Transitional Metal,663.56,663.56,Transitional Metal,15.41,15.41,Transitional Metal,37.17,37.17,Post-Transition Metal,72.28,72.28,Transitional Metal,26.66,26.66,Transitional Metal,"31.48,-110.04",centroid
C31,C-K-31 garden,Cochise,Garden Soil,2015-2016,,mg/kg,,6.3,6.3,Metalloid,9628.5,9628.5,Post-Transition Metal,355.06,355.06,Alkaline Earth Metal,1.33,1.33,Alkaline Earth Metal,1.7,1.7,Transitional Metal,24.3,24.3,Transitional Metal,1490.52,1490.52,Transitional Metal,15.98,15.98,Transitional Metal,375.27,375.27,Post-Transition Metal,415.82,415.82,Transitional Metal,138.15,138.15,Transitional Metal,"31.55,-109.93",centroid
C31,C-K-31 yard,Cochise,Yard Soil,2015-2016,,mg/kg,,6.08,6.08,Metalloid,16606.75,16606.75,Post-Transition Metal,347.17,347.17,Alkaline Earth Metal,3.12,3.12,Alkaline Earth Metal,1.14,1.14,Transitional Metal,33.44,33.44,Transitional Metal,2493.3,2493.3,Transitional Metal,24.18,24.18,Transitional Metal,388.7,388.7,Post-Transition Metal,397.18,397.18,Transitional Metal,180.47,180.47,Transitional Metal,"31.55,-109.93",centroid
C32,C-K-32 garden,Cochise,Garden Soil,2015-2016,,mg/kg,,5.39,5.39,Metalloid,5819.8,5819.8,Post-Transition Metal,165.39,165.39,Alkaline Earth Metal,0.79,0.79,Alkaline Earth Metal,2.69,2.69,Transitional Metal,14.09,14.09,Transitional Metal,926.06,926.06,Transitional Metal,10.39,10.39,Transitional Metal,101.47,101.47,Post-Transition Metal,603.49,603.49,Transitional Metal,342.93,342.93,Transitional Metal,"31.38,-109.83",centroid
C32,C-K-32 yard,Cochise,Yard Soil,2015-2016,,mg/kg,,4.02,4.02,Metalloid,4074.29,4074.29,Post-Transition Metal,93,93,Alkaline Earth Metal,0.5,0.5,Alkaline Earth Metal,1.92,1.92,Transitional Metal,12.17,12.17,Transitional Metal,927.72,927.72,Transitional Metal,8.68,8.68,Transitional Metal,238.5,238.5,Post-Transition Metal,359.25,359.25,Transitional Metal,188.27,188.27,Transitional Metal,"31.38,-109.83",centroid
C33,C-K-33 garden,Cochise,Garden Soil,2015-2016,,mg/kg,,5.43,5.43,Metalloid,13485.49,13485.49,Post-Transition Metal,123.67,123.67,Alkaline Earth Metal,1.19,1.19,Alkaline Earth Metal,0.5,0.5,Transitional Metal,13.18,13.18,Transitional Metal,428.03,428.03,Transitional Metal,10.9,10.9,Transitional Metal,28.8,28.8,Post-Transition Metal,86.63,86.63,Transitional Metal,64.76,64.76,Transitional Metal,"31.38,-109.83",centroid
C33,C-K-33 yard,Cochise,Yard Soil,2015-2016,,mg/kg,,4.68,4.68,Metalloid,9055.97,9055.97,Post-Transition Metal,130.79,130.79,Alkaline Earth Metal,0.4,0.4,Alkaline Earth Metal,0.58,0.58,Transitional Metal,11.49,11.49,Transitional Metal,348.6,348.6,Transitional Metal,8.48,8.48,Transitional Metal,70.28,70.28,Post-Transition Metal,164.13,164.13,Transitional Metal,73.41,73.41,Transitional Metal,"31.38,-109.83",centroid
C36,C-K-36 garden,Cochise,Garden Soil,2015-2016,,mg/kg,,3.27,3.27,Metalloid,2652.34,2652.34,Post-Transition Metal,208.64,208.64,Alkaline Earth Metal,0.25,0.25,Alkaline Earth Metal,1,1,Transitional Metal,11.46,11.46,Transitional Metal,424.4,424.4,Transitional Metal,5.17,5.17,Transitional Metal,70.38,70.38,Post-Transition Metal,194.43,194.43,Transitional Metal,255.37,255.37,Transitional Metal,"31.41,-109.89",centroid
C36,C-K-36 yard,Cochise,Yard Soil,2015-2016,,mg/kg,,5.03,5.03,Metalloid,3414.89,3414.89,Post-Transition Metal,190.23,190.23,Alkaline Earth Metal,0.1,0.1,Alkaline Earth Metal,1.5,1.5,Transitional Metal,15.19,15.19,Transitional Metal,550.85,550.85,Transitional Metal,6.43,6.43,Transitional Metal,96.86,96.86,Post-Transition Metal,437.28,437.28,Transitional Metal,644.34,644.34,Transitional Metal,"31.41,-109.89",centroid
C37,C-K-37 garden,Cochise,Garden Soil,2015-2016,,mg/kg,,1.91,1.91,Metalloid,7223.73,7223.73,Post-Transition Metal,112.23,112.23,Alkaline Earth Metal,0.55,0.55,Alkaline Earth Metal,0.09,0.09,Transitional Metal,12.88,12.88,Transitional Metal,325.71,325.71,Transitional Metal,14.14,14.14,Transitional Metal,7.01,7.01,Post-Transition Metal,59.49,59.49,Transitional Metal,50.18,50.18,Transitional Metal,"31.38,-109.83",centroid
C38,C-K-38 garden,Cochise,Garden Soil,2015-2016,,mg/kg,,2.39,2.39,Metalloid,3265.27,3265.27,Post-Transition Metal,178.43,178.43,Alkaline Earth Metal,0.31,0.31,Alkaline Earth Metal,0.54,0.54,Transitional Metal,12.34,12.34,Transitional Metal,248.06,248.06,Transitional Metal,5.34,5.34,Transitional Metal,61.44,61.44,Post-Transition Metal,176.88,176.88,Transitional Metal,70.14,70.14,Transitional Metal,"31.55,-109.93",centroid
C38,C-K-38 yard,Cochise,Yard Soil,2015-2016,,mg/kg,,5.69,5.69,Metalloid,5281.76,5281.76,Post-Transition Metal,267.1,267.1,Alkaline Earth Metal,0.9,0.9,Alkaline Earth Metal,3.49,3.49,Transitional Metal,16.94,16.94,Transitional Metal,446.17,446.17,Transitional Metal,10,10,Transitional Metal,498.85,498.85,Post-Transition Metal,816.5,816.5,Transitional Metal,289.4,289.4,Transitional Metal,"31.55,-109.93",centroid
C40,C-K-40 garden,Cochise,Garden Soil,2015-2016,,mg/kg,,5.31,5.31,Metalloid,3237.14,3237.14,Post-Transition Metal,182.78,182.78,Alkaline Earth Metal,0.2,0.2,Alkaline Earth Metal,3.32,3.32,Transitional Metal,12.41,12.41,Transitional Metal,728.2,728.2,Transitional Metal,5.38,5.38,Transitional Metal,203.06,203.06,Post-Transition Metal,739.3,739.3,Transitional Metal,589.3,589.3,Transitional Metal,"31.38,-109.83",centroid
C40,C-K-40 yard,Cochise,Yard Soil,2015-2016,,mg/kg,,8.19,8.19,Metalloid,4118.63,4118.63,Post-Transition Metal,220.13,220.13,Alkaline Earth Metal,0.59,0.59,Alkaline Earth Metal,3.55,3.55,Transitional Metal,17.34,17.34,Transitional Metal,784.39,784.39,Transitional Metal,7.23,7.23,Transitional Metal,285.49,285.49,Post-Transition Metal,855,855,Transitional Metal,586.71,586.71,Transitional Metal,"31.38,-109.83",centroid
C43,C-K-43 garden,Cochise,Garden Soil,2015-2016,,mg/kg,,4.34,4.34,Metalloid,4082.1,4082.1,Post-Transition Metal,168.44,168.44,Alkaline Earth Metal,0.39,0.39,Alkaline Earth Metal,2.65,2.65,Transitional Metal,14.76,14.76,Transitional Metal,504.98,504.98,Transitional Metal,9.24,9.24,Transitional Metal,51.55,51.55,Post-Transition Metal,490.65,490.65,Transitional Metal,211.86,211.86,Transitional Metal,"31.38,-109.83",centroid
C43,C-K-43 yard,Cochise,Yard Soil,2015-2016,,mg/kg,,9.79,9.79,Metalloid,5385.83,5385.83,Post-Transition Metal,189.32,189.32,Alkaline Earth Metal,0.56,0.56,Alkaline Earth Metal,6.3,6.3,Transitional Metal,14.03,14.03,Transitional Metal,1009.53,1009.53,Transitional Metal,8.77,8.77,Transitional Metal,170.36,170.36,Post-Transition Metal,1126.83,1126.83,Transitional Metal,837.17,837.17,Transitional Metal,"31.38,-109.83",centroid
C45,C-K-45 garden,Cochise,Garden Soil,2015-2016,,mg/kg,,5.17,5.17,Metalloid,4557.34,4557.34,Post-Transition Metal,168.6,168.6,Alkaline Earth Metal,0.57,0.57,Alkaline Earth Metal,0.76,0.76,Transitional Metal,15.42,15.42,Transitional Metal,357.26,357.26,Transitional Metal,12.05,12.05,Transitional Metal,27.15,27.15,Post-Transition Metal,259.31,259.31,Transitional Metal,112.88,112.88,Transitional Metal,"31.38,-109.83",centroid
C45,C-K-45 yard,Cochise,Yard Soil,2015-2016,,mg/kg,,5.14,5.14,Metalloid,4643.75,4643.75,Post-Transition Metal,200.67,200.67,Alkaline Earth Metal,0.35,0.35,Alkaline Earth Metal,2.04,2.04,Transitional Metal,17.19,17.19,Transitional Metal,677.29,677.29,Transitional Metal,9.09,9.09,Transitional Metal,181.6,181.6,Post-Transition Metal,509.98,509.98,Transitional Metal,232.46,232.46,Transitional Metal,"31.38,-109.83",centroid
C47,C-K-47 garden,Cochise,Garden Soil,2015-2016,,mg/kg,,2.46,2.46,Metalloid,3237.43,3237.43,Post-Transition Metal,43.61,43.61,Alkaline Earth Metal,0.54,0.54,Alkaline Earth Metal,0.11,0.11,Transitional Metal,12.87,12.87,Transitional Metal,204.38,204.38,Transitional Metal,4.71,4.71,Transitional Metal,6.05,6.05,Post-Transition Metal,41.96,41.96,Transitional Metal,11.54,11.54,Transitional Metal,"32.38,-109.90",centroid
C47,C-K-47 yard,Cochise,Yard Soil,2015-2016,,mg/kg,,1.82,1.82,Metalloid,2916.18,2916.18,Post-Transition Metal,45.88,45.88,Alkaline Earth Metal,0.2,0.2,Alkaline Earth Metal,0.11,0.11,Transitional Metal,11.4,11.4,Transitional Metal,176.22,176.22,Transitional Metal,5.02,5.02,Transitional Metal,6.91,6.91,Post-Transition Metal,28.51,28.51,Transitional Metal,12.93,12.93,Transitional Metal,"32.38,-109.90",centroid
C48,C-K-48 garden,Cochise,Garden Soil,2015-2016,,mg/kg,,2.69,2.69,Metalloid,9224.44,9224.44,Post-Transition Metal,97.96,97.96,Alkaline Earth Metal,0.59,0.59,Alkaline Earth Metal,0.32,0.32,Transitional Metal,6.46,6.46,Transitional Metal,447.2,447.2,Transitional Metal,6.46,6.46,Transitional Metal,10.63,10.63,Post-Transition Metal,78.73,78.73,Transitional Metal,54.08,54.08,Transitional Metal,"32.38,-109.90",centroid
C48,C-K-48 yard,Cochise,Yard Soil,2015-2016,,mg/kg,,4.74,4.74,Metalloid,13745.71,13745.71,Post-Transition Metal,127.96,127.96,Alkaline Earth Metal,0.78,0.78,Alkaline Earth Metal,0.5,0.5,Transitional Metal,7.13,7.13,Transitional Metal,443.64,443.64,Transitional Metal,6.31,6.31,Transitional Metal,17.2,17.2,Post-Transition Metal,57.99,57.99,Transitional Metal,60.32,60.32,Transitional Metal,"32.38,-109.90",centroid
C50,C-K-50 garden,Cochise,Garden Soil,2015-2016,,mg/kg,,1.99,1.99,Metalloid,4477.17,4477.17,Post-Transition Metal,82.51,82.51,Alkaline Earth Metal,0.57,0.57,Alkaline Earth Metal,0.55,0.55,Transitional Metal,17.51,17.51,Transitional Metal,435.5,435.5,Transitional Metal,7.29,7.29,Transitional Metal,19.02,19.02,Post-Transition Metal,168.46,168.46,Transitional Metal,34.86,34.86,Transitional Metal,"31.97,-109.90",centroid
C50,C-K-50 yard,Cochise,Yard Soil,2015-2016,,mg/kg,,2.19,2.19,Metalloid,7594.25,7594.25,Post-Transition Metal,68.91,68.91,Alkaline Earth Metal,1.76,1.76,Alkaline Earth Metal,0.49,0.49,Transitional Metal,15.73,15.73,Transitional Metal,633.87,633.87,Transitional Metal,7.76,7.76,Transitional Metal,18,18,Post-Transition Metal,70.85,70.85,Transitional Metal,20.57,20.57,Transitional Metal,"31.97,-109.90",centroid
C51,C-K-51 garden,Cochise,Garden Soil,2015-2016,,mg/kg,,1.57,1.57,Metalloid,3599.19,3599.19,Post-Transition Metal,92.94,92.94,Alkaline Earth Metal,0.44,0.44,Alkaline Earth Metal,0.36,0.36,Transitional Metal,10.31,10.31,Transitional Metal,367.63,367.63,Transitional Metal,5,5,Transitional Metal,20.83,20.83,Post-Transition Metal,105.9,105.9,Transitional Metal,28.31,28.31,Transitional Metal,"31.55,-109.93",centroid
C51,C-K-51 yard,Cochise,Yard Soil,2015-2016,,mg/kg,,3.37,3.37,Metalloid,4819.54,4819.54,Post-Transition Metal,148.27,148.27,Alkaline Earth Metal,0.59,0.59,Alkaline Earth Metal,0.93,0.93,Transitional Metal,12.62,12.62,Transitional Metal,706.13,706.13,Transitional Metal,7.64,7.64,Transitional Metal,128.17,128.17,Post-Transition Metal,285.6,285.6,Transitional Metal,131.85,131.85,Transitional Metal,"31.55,-109.93",centroid
C53,C-K-53 garden,Cochise,Garden Soil,2015-2016,,mg/kg,,3.17,3.17,Metalloid,4916.76,4916.76,Post-Transition Metal,140.69,140.69,Alkaline Earth Metal,0.34,0.34,Alkaline Earth Metal,0.49,0.49,Transitional Metal,13.93,13.93,Transitional Metal,281.83,281.83,Transitional Metal,6.97,6.97,Transitional Metal,9.78,9.78,Post-Transition Metal,104.79,104.79,Transitional Metal,27.58,27.58,Transitional Metal,"32.21,-110.27",centroid
C53,C-K-53 yard,Cochise,Yard Soil,2015-2016,,mg/kg,,3.51,3.51,Metalloid,6426.69,6426.69,Post-Transition Metal,150.05,150.05,Alkaline Earth Metal,0.5,0.5,Alkaline Earth Metal,0.36,0.36,Transitional Metal,15.49,15.49,Transitional Metal,303.47,303.47,Transitional Metal,6.36,6.36,Transitional Metal,13.41,13.41,Post-Transition Metal,58.53,58.53,Transitional Metal,22.98,22.98,Transitional Metal,"32.21,-110.27",centroid
C55,C-K-55 garden,Cochise,Garden Soil,2015-2016,,mg/kg,,3.94,3.94,Metalloid,7970.86,7970.86,Post-Transition Metal,109.98,109.98,Alkaline Earth Metal,0.89,0.89,Alkaline Earth Metal,0.46,0.46,Transitional Metal,22.57,22.57,Transitional Metal,463.47,463.47,Transitional Metal,13.86,13.86,Transitional Metal,21.17,21.17,Post-Transition Metal,111.86,111.86,Transitional Metal,43.99,43.99,Transitional Metal,"32.21,-109.84",centroid
C56,C-K-56 garden,Cochise,Garden Soil,2015-2016,,mg/kg,,3.62,3.62,Metalloid,10480.99,10480.99,Post-Transition Metal,89.39,89.39,Alkaline Earth Metal,0.64,0.64,Alkaline Earth Metal,0.22,0.22,Transitional Metal,58.17,58.17,Transitional Metal,362.52,362.52,Transitional Metal,26.41,26.41,Transitional Metal,15.71,15.71,Post-Transition Metal,160.66,160.66,Transitional Metal,33.58,33.58,Transitional Metal,"32.21,-109.84",centroid
C56,C-K-56 yard,Cochise,Yard Soil,2015-2016,,mg/kg,,2.69,2.69,Metalloid,7604.18,7604.18,Post-Transition Metal,95.18,95.18,Alkaline Earth Metal,0.25,0.25,Alkaline Earth Metal,0.17,0.17,Transitional Metal,16.55,16.55,Transitional Metal,267.09,267.09,Transitional Metal,10,10,Transitional Metal,12.84,12.84,Post-Transition Metal,55.74,55.74,Transitional Metal,23.04,23.04,Transitional Metal,"32.21,-109.84",centroid
C57,C-K-57 garden A,Cochise,Garden Soil,2015-2016,,mg/kg,,3.81,3.81,Metalloid,7926.84,7926.84,Post-Transition Metal,70.81,70.81,Alkaline Earth Metal,0.29,0.29,Alkaline Earth Metal,0.3,0.3,Transitional Metal,53.37,53.37,Transitional Metal,417.54,417.54,Transitional Metal,24.78,24.78,Transitional Metal,11.91,11.91,Post-Transition Metal,168.15,168.15,Transitional Metal,35.89,35.89,Transitional Metal,"32.21,-109.84",centroid
G01,G-K-1 garden,Greenlee,Garden Soil,2015-2016,,mg/kg,,3.33,3.33,Metalloid,7285,7285,Post-Transition Metal,148.29,148.29,Alkaline Earth Metal,1.02,1.02,Alkaline Earth Metal,0.52,0.52,Transitional Metal,11.35,11.35,Transitional Metal,280.64,280.64,Transitional Metal,15.46,15.46,Transitional Metal,16.75,16.75,Post-Transition Metal,70.13,70.13,Transitional Metal,279.4,279.4,Transitional Metal,"33.06,-109.30",centroid
G01,G-K-1 yard,Greenlee,Yard Soil,2015-2016,,mg/kg,,9.91,9.91,Metalloid,9248,9248,Post-Transition Metal,234.4,234.4,Alkaline Earth Metal,1.08,1.08,Alkaline Earth Metal,2.23,2.23,Transitional Metal,14.19,14.19,Transitional Metal,487.15,487.15,Transitional Metal,19.21,19.21,Transitional Metal,127.43,127.43,Post-Transition Metal,593.19,593.19,Transitional Metal,1019.11,1019.11,Transitional Metal,"33.06,-109.30",centroid
G03,G-K-3 garden,Greenlee,Garden Soil,2015-2016,,mg/kg,,1.97,1.97,Metalloid,6144,6144,Post-Transition Metal,108.28,108.28,Alkaline Earth Metal,0.4,0.4,Alkaline Earth Metal,0.15,0.15,Transitional Metal,9.22,9.22,Transitional Metal,261.8,261.8,Transitional Metal,11.52,11.52,Transitional Metal,9.36,9.36,Post-Transition Metal,170.1,170.1,Transitional Metal,18.61,18.61,Transitional Metal,"32.98,-109.35",centroid
G03,G-K-3 yard,Greenlee,Yard Soil,2015-2016,,mg/kg,,2.47,2.47,Metalloid,6647,6647,Post-Transition Metal,135.7,135.7,Alkaline Earth Metal,0.37,0.37,Alkaline Earth Metal,0.1,0.1,Transitional Metal,11.95,11.95,Transitional Metal,230.83,230.83,Transitional Metal,11.05,11.05,Transitional Metal,7.89,7.89,Post-Transition Metal,32.63,32.63,Transitional Metal,17.31,17.31,Transitional Metal,"32.98,-109.35",centroid
G05,G-K-5 garden,Greenlee,Garden Soil,2015-2016,,mg/kg,,2.69,2.69,Metalloid,7957,7957,Post-Transition Metal,172.13,172.13,Alkaline Earth Metal,0.46,0.46,Alkaline Earth Metal,0.34,0.34,Transitional Metal,10.35,10.35,Transitional Metal,429.32,429.32,Transitional Metal,18.79,18.79,Transitional Metal,14.84,14.84,Post-Transition Metal,77.51,77.51,Transitional Metal,29.84,29.84,Transitional Metal,"32.89,-109.15",centroid
G05,G-K-5 yard,Greenlee,Yard Soil,2015-2016,,mg/kg,,3.05,3.05,Metalloid,9530,9530,Post-Transition Metal,175.22,175.22,Alkaline Earth Metal,0.83,0.83,Alkaline Earth Metal,0.26,0.26,Transitional Metal,11.98,11.98,Transitional Metal,438.37,438.37,Transitional Metal,20.27,20.27,Transitional Metal,11.37,11.37,Post-Transition Metal,58.36,58.36,Transitional Metal,27.51,27.51,Transitional Metal,"32.89,-109.15",centroid
G10,G-K-10 garden,Greenlee,Garden Soil,2015-2016,,mg/kg,,4.35,4.35,Metalloid,17873,17873,Post-Transition Metal,205.33,205.33,Alkaline Earth Metal,0.62,0.62,Alkaline Earth Metal,0.24,0.24,Transitional Metal,16.95,16.95,Transitional Metal,456.89,456.89,Transitional Metal,23.67,23.67,Transitional Metal,11.3,11.3,Post-Transition Metal,58.71,58.71,Transitional Metal,32.2,32.2,Transitional Metal,"32.60,-109.13",centroid
G10,G-K-10 yard,Greenlee,Yard Soil,2015-2016,,mg/kg,,4.46,4.46,Metalloid,20701,20701,Post-Transition Metal,243.52,243.52,Alkaline Earth Metal,0.8,0.8,Alkaline Earth Metal,0.17,0.17,Transitional Metal,17.67,17.67,Transitional Metal,447.65,447.65,Transitional Metal,24.08,24.08,Transitional Metal,14,14,Post-Transition Metal,54.9,54.9,Transitional Metal,26,26,Transitional Metal,"32.60,-109.13",centroid
G20,G-K-20 garden,Greenlee,Garden Soil,2015-2016,,mg/kg,,3.31,3.31,Metalloid,6769,6769,Post-Transition Metal,145.81,145.81,Alkaline Earth Metal,0.48,0.48,Alkaline Earth Metal,0.44,0.44,Transitional Metal,13.72,13.72,Transitional Metal,267.66,267.66,Transitional Metal,14.24,14.24,Transitional Metal,24.09,24.09,Post-Transition Metal,130.49,130.49,Transitional Metal,52.67,52.67,Transitional Metal,"32.70,-109.12",centroid
G20,G-K-20 yard,Greenlee,Yard Soil,2015-2016,,mg/kg,,4.3,4.3,Metalloid,11468,11468,Post-Transition Metal,110.9,110.9,Alkaline Earth Metal,0.52,0.52,Alkaline Earth Metal,0.28,0.28,Transitional Metal,22.72,22.72,Transitional Metal,304.06,304.06,Transitional Metal,18.28,18.28,Transitional Metal,16.77,16.77,Post-Transition Metal,81.7,81.7,Transitional Metal,34.49,34.49,Transitional Metal,"32.70,-109.12",centroid
G21,G-K-21 garden,Greenlee,Garden Soil,2015-2016,,mg/kg,,3.77,3.77,Metalloid,6902,6902,Post-Transition Metal,134.24,134.24,Alkaline Earth Metal,0.52,0.52,Alkaline Earth Metal,0.36,0.36,Transitional Metal,14.32,14.32,Transitional Metal,273.71,273.71,Transitional Metal,14.38,14.38,Transitional Metal,27.24,27.24,Post-Transition Metal,896.91,896.91,Transitional Metal,32.61,32.61,Transitional Metal,"32.98,-109.35",centroid
G21,G-K-21 yard,Greenlee,Yard Soil,2015-2016,,mg/kg,,2.49,2.49,Metalloid,6755,6755,Post-Transition Metal,154.31,154.31,Alkaline Earth Metal,0.44,0.44,Alkaline Earth Metal,0.23,0.23,Transitional Metal,10.63,10.63,Transitional Metal,243.63,243.63,Transitional Metal,11.17,11.17,Transitional Metal,27.73,27.73,Post-Transition Metal,68.98,68.98,Transitional Metal,38.26,38.26,Transitional Metal,"32.98,-109.35",centroid
G22,G-K-22 garden,Greenlee,Garden Soil,2015-2016,,mg/kg,,4.07,4.07,Metalloid,11209,11209,Post-Transition Metal,168.96,168.96,Alkaline Earth Metal,0.79,0.79,Alkaline Earth Metal,0.2,0.2,Transitional Metal,12.04,12.04,Transitional Metal,367.92,367.92,Transitional Metal,17.81,17.81,Transitional Metal,9.91,9.91,Post-Transition Metal,52.64,52.64,Transitional Metal,26.16,26.16,Transitional Metal,"32.60,-109.13",centroid
G22,G-K-22 yard,Greenlee,Yard Soil,2015-2016,,mg/kg,,2.28,2.28,Metalloid,6441,6441,Post-Transition Metal,137.38,137.38,Alkaline Earth Metal,0.22,0.22,Alkaline Earth Metal,0.15,0.15,Transitional Metal,8.58,8.58,Transitional Metal,310.63,310.63,Transitional Metal,12.84,12.84,Transitional Metal,11.37,11.37,Post-Transition Metal,36.72,36.72,Transitional Metal,20.81,20.81,Transitional Metal,"32.60,-109.13",centroid
G23,G-K-23 yard,Greenlee,Yard Soil,2015-2016,,mg/kg,,3.04,3.04,Metalloid,6844,6844,Post-Transition Metal,150.34,150.34,Alkaline Earth Metal,0.54,0.54,Alkaline Earth Metal,0.2,0.2,Transitional Metal,8.86,8.86,Transitional Metal,343.05,343.05,Transitional Metal,12.45,12.45,Transitional Metal,11.15,11.15,Post-Transition Metal,35.15,35.15,Transitional Metal,15.53,15.53,Transitional Metal,"32.60,-109.13",centroid
G24,G-K-24 garden,Greenlee,Garden Soil,2015-2016,,mg/kg,,2,2,Metalloid,6661,6661,Post-Transition Metal,124.66,124.66,Alkaline Earth Metal,0.62,0.62,Alkaline Earth Metal,0.14,0.14,Transitional Metal,9.32,9.32,Transitional Metal,244.63,244.63,Transitional Metal,15.01,15.01,Transitional Metal,9.51,9.51,Post-Transition Metal,54.46,54.46,Transitional Metal,22.01,22.01,Transitional Metal,"32.60,-109.13",centroid
G24,G-K-24 yard,Greenlee,Yard Soil,2015-2016,,mg/kg,,2.91,2.91,Metalloid,13257,13257,Post-Transition Metal,225.64,225.64,Alkaline Earth Metal,1.1,1.1,Alkaline Earth Metal,0.1,0.1,Transitional Metal,15.68,15.68,Transitional Metal,285.05,285.05,Transitional Metal,25.02,25.02,Transitional Metal,15.1,15.1,Post-Transition Metal,64.6,64.6,Transitional Metal,42.01,42.01,Transitional Metal,"32.60,-109.13",centroid
G26,G-K-26 garden,Greenlee,Garden Soil,2015-2016,,mg/kg,,3.8,3.8,Metalloid,13942,13942,Post-Transition Metal,200.32,200.32,Alkaline Earth Metal,0.91,0.91,Alkaline Earth Metal,0.21,0.21,Transitional Metal,14.47,14.47,Transitional Metal,407.91,407.91,Transitional Metal,20.67,20.67,Transitional Metal,10.83,10.83,Post-Transition Metal,47.37,47.37,Transitional Metal,23.74,23.74,Transitional Metal,"32.60,-109.13",centroid
G26,G-K-26 yard,Greenlee,Yard Soil,2015-2016,,mg/kg,,2.92,2.92,Metalloid,9510,9510,Post-Transition Metal,164.21,164.21,Alkaline Earth Metal,0.89,0.89,Alkaline Earth Metal,0.15,0.15,Transitional Metal,9.26,9.26,Transitional Metal,366.64,366.64,Transitional Metal,16,16,Transitional Metal,10.33,10.33,Post-Transition Metal,31.74,31.74,Transitional Metal,17.5,17.5,Transitional Metal,"32.60,-109.13",centroid
G31,G-K-31 garden,Greenlee,Garden Soil,2015-2016,,mg/kg,,1.84,1.84,Metalloid,5312,5312,Post-Transition Metal,111.2,111.2,Alkaline Earth Metal,0.64,0.64,Alkaline Earth Metal,0.34,0.34,Transitional Metal,14.76,14.76,Transitional Metal,297.8,297.8,Transitional Metal,10.55,10.55,Transitional Metal,11.31,11.31,Post-Transition Metal,98.94,98.94,Transitional Metal,46.07,46.07,Transitional Metal,"33.40,-109.26",centroid
G31,G-K-31 yard,Greenlee,Yard Soil,2015-2016,,mg/kg,,4.34,4.34,Metalloid,7501,7501,Post-Transition Metal,170.6,170.6,Alkaline Earth Metal,1.02,1.02,Alkaline Earth Metal,0.45,0.45,Transitional Metal,8.93,8.93,Transitional Metal,425.95,425.95,Transitional Metal,11.85,11.85,Transitional Metal,19.2,19.2,Post-Transition Metal,108.75,108.75,Transitional Metal,76.14,76.14,Transitional Metal,"33.40,-109.26",centroid
G32,G-K-32 garden,Greenlee,Garden Soil,2015-2016,,mg/kg,,3.69,3.69,Metalloid,7216,7216,Post-Transition Metal,153.51,153.51,Alkaline Earth Metal,0.59,0.59,Alkaline Earth Metal,0.28,0.28,Transitional Metal,10.76,10.76,Transitional Metal,300.65,300.65,Transitional Metal,14.38,14.38,Transitional Metal,18.78,18.78,Post-Transition Metal,121.21,121.21,Transitional Metal,55.01,55.01,Transitional Metal,"33.40,-109.26",centroid
G35,G-K-35 garden,Greenlee,Garden Soil,2015-2016,,mg/kg,,2.15,2.15,Metalloid,4169,4169,Post-Transition Metal,82.09,82.09,Alkaline Earth Metal,0.27,0.27,Alkaline Earth Metal,0.25,0.25,Transitional Metal,14.32,14.32,Transitional Metal,222.86,222.86,Transitional Metal,13.77,13.77,Transitional Metal,5.98,5.98,Post-Transition Metal,89.14,89.14,Transitional Metal,62,62,Transitional Metal,"33.05,-109.32",centroid
G35,G-K-35 yard,Greenlee,Yard Soil,2015-2016,,mg/kg,,3.68,3.68,Metalloid,6035,6035,Post-Transition Metal,123.86,123.86,Alkaline Earth Metal,0.58,0.58,Alkaline Earth Metal,1.54,1.54,Transitional Metal,13.22,13.22,Transitional Metal,311.08,311.08,Transitional Metal,17.8,17.8,Transitional Metal,35.7,35.7,Post-Transition Metal,221.76,221.76,Transitional Metal,405.01,405.01,Transitional Metal,"33.05,-109.32",centroid
G37,G-K-37 yard,Greenlee,Yard Soil,2015-2016,,mg/kg,,3.32,3.32,Metalloid,10044,10044,Post-Transition Metal,201.47,201.47,Alkaline Earth Metal,1.09,1.09,Alkaline Earth Metal,0.36,0.36,Transitional Metal,11.15,11.15,Transitional Metal,594,594,Transitional Metal,12.36,12.36,Transitional Metal,17.23,17.23,Post-Transition Metal,32.71,32.71,Transitional Metal,61.51,61.51,Transitional Metal,"33.40,-109.26",centroid
G41,G-K-41 garden,Greenlee,Garden Soil,2015-2016,,mg/kg,,2.34,2.34,Metalloid,6038,6038,Post-Transition Metal,137.55,137.55,Alkaline Earth Metal,0.15,0.15,Alkaline Earth Metal,1.14,1.14,Transitional Metal,9.69,9.69,Transitional Metal,270.95,270.95,Transitional Metal,15.74,15.74,Transitional Metal,36.37,36.37,Post-Transition Metal,122.63,122.63,Transitional Metal,295.76,295.76,Transitional Metal,"33.05,-109.32",centroid
G41,G-K-41 yard,Greenlee,Yard Soil,2015-2016,,mg/kg,,2.44,2.44,Metalloid,8384,8384,Post-Transition Metal,187.18,187.18,Alkaline Earth Metal,0.41,0.41,Alkaline Earth Metal,0.66,0.66,Transitional Metal,11.5,11.5,Transitional Metal,299.15,299.15,Transitional Metal,19.6,19.6,Transitional Metal,18.4,18.4,Post-Transition Metal,76.77,76.77,Transitional Metal,164.74,164.74,Transitional Metal,"33.05,-109.32",centroid
G43,G-K-43 garden,Greenlee,Garden Soil,2015-2016,,mg/kg,,2.83,2.83,Metalloid,7936,7936,Post-Transition Metal,174.5,174.5,Alkaline Earth Metal,0.57,0.57,Alkaline Earth Metal,0.26,0.26,Transitional Metal,8.98,8.98,Transitional Metal,492.27,492.27,Transitional Metal,20.17,20.17,Transitional Metal,10.79,10.79,Post-Transition Metal,44.54,44.54,Transitional Metal,28.46,28.46,Transitional Metal,"32.89,-109.15",centroid
G43,G-K-43 yard,Greenlee,Yard Soil,2015-2016,,mg/kg,,2.39,2.39,Metalloid,6733,6733,Post-Transition Metal,185.43,185.43,Alkaline Earth Metal,0.64,0.64,Alkaline Earth Metal,0.24,0.24,Transitional Metal,9.23,9.23,Transitional Metal,400.46,400.46,Transitional Metal,16.93,16.93,Transitional Metal,10.88,10.88,Post-Transition Metal,49.46,49.46,Transitional Metal,30.44,30.44,Transitional Metal,"32.89,-109.15",centroid
G45,G-K-45 garden,Greenlee,Garden Soil,2015-2016,,mg/kg,,4.03,4.03,Metalloid,5771,5771,Post-Transition Metal,117.6,117.6,Alkaline Earth Metal,0.36,0.36,Alkaline Earth Metal,0.23,0.23,Transitional Metal,11.85,11.85,Transitional Metal,314.2,314.2,Transitional Metal,14.07,14.07,Transitional Metal,10.22,10.22,Post-Transition Metal,66.32,66.32,Transitional Metal,52.56,52.56,Transitional Metal,"33.40,-109.26",centroid
G45,G-K-45 yard,Greenlee,Yard Soil,2015-2016,,mg/kg,,3.43,3.43,Metalloid,7444,7444,Post-Transition Metal,143.46,143.46,Alkaline Earth Metal,0.92,0.92,Alkaline Earth Metal,0.36,0.36,Transitional Metal,11.2,11.2,Transitional Metal,336.05,336.05,Transitional Metal,17.96,17.96,Transitional Metal,38.61,38.61,Post-Transition Metal,60.26,60.26,Transitional Metal,73.91,73.91,Transitional Metal,"33.40,-109.26",centroid
GS01,GS01Y-082419,Superior,Yard Soil,2019-2020,,mg/kg,,45.69,45.69,Metalloid,7044.90,7044.90,Post-Transition Metal,174.88,174.88,Alkaline Earth Metal,0.44,0.44,Alkaline Earth Metal,2.32,2.32,Transitional Metal,23.42,23.42,Transitional Metal,1572.79,1572.79,Transitional Metal,17.95,17.95,Transitional Metal,169.79,169.79,Post-Transition Metal,691.93,691.93,Transitional Metal,852.08,852.08,Transitional Metal,"33.21,-111.66",centroid
GS02,GS02Y-082419,Superior,Yard Soil,2019-2020,,mg/kg,,30.65,30.65,Metalloid,7962.96,7962.96,Post-Transition Metal,130.75,130.75,Alkaline Earth Metal,0.41,0.41,Alkaline Earth Metal,1.43,1.43,Transitional Metal,26.36,26.36,Transitional Metal,654.38,654.38,Transitional Metal,17.93,17.93,Transitional Metal,94.95,94.95,Post-Transition Metal,375.91,375.91,Transitional Metal,641.86,641.86,Transitional Metal,"33.29,-111.10",centroid
GS03,GS03Y-082419,Superior,Yard Soil,2019-2020,,mg/kg,,8.19,8.19,Metalloid,10827.31,10827.31,Post-Transition Metal,123.02,123.02,Alkaline Earth Metal,0.54,0.54,Alkaline Earth Metal,0.62,0.62,Transitional Metal,23.94,23.94,Transitional Metal,802.19,802.19,Transitional Metal,21.48,21.48,Transitional Metal,45.29,45.29,Post-Transition Metal,205.41,205.41,Transitional Metal,70.49,70.49,Transitional Metal,"33.28,-111.08",centroid
GS04,GS04Y-082419,Superior,Yard Soil,2019-2020,,mg/kg,,17.35,17.35,Metalloid,11324.40,11324.40,Post-Transition Metal,191.36,191.36,Alkaline Earth Metal,0.51,0.51,Alkaline Earth Metal,1.02,1.02,Transitional Metal,21.69,21.69,Transitional Metal,667.51,667.51,Transitional Metal,23.10,23.10,Transitional Metal,117.50,117.50,Post-Transition Metal,344.97,344.97,Transitional Metal,271.55,271.55,Transitional Metal,"33.29,-111.11",centroid
GS05,GS05Y-082419,Superior,Yard Soil,2019-2020,,mg/kg,,34.75,34.75,Metalloid,7420.80,7420.80,Post-Transition Metal,128.41,128.41,Alkaline Earth Metal,0.49,0.49,Alkaline Earth Metal,1.34,1.34,Transitional Metal,24.50,24.50,Transitional Metal,1117.26,1117.26,Transitional Metal,25.89,25.89,Transitional Metal,109.66,109.66,Post-Transition Metal,306.62,306.62,Transitional Metal,401.47,401.47,Transitional Metal,"33.28,-111.11",centroid
GS06,GS06Y-082419,Superior,Yard Soil,2019-2020,,mg/kg,,7.05,7.05,Metalloid,6499.84,6499.84,Post-Transition Metal,74.66,74.66,Alkaline Earth Metal,0.37,0.37,Alkaline Earth Metal,0.39,0.39,Transitional Metal,29.62,29.62,Transitional Metal,400.64,400.64,Transitional Metal,11.69,11.69,Transitional Metal,24.44,24.44,Post-Transition Metal,175.99,175.99,Transitional Metal,49.86,49.86,Transitional Metal,"33.28,-111.08",centroid
GS06,GS06G-082419,Superior,Garden Soil,2019-2020,,mg/kg,,5.74,5.74,Metalloid,7335.81,7335.81,Post-Transition Metal,111.72,111.72,Alkaline Earth Metal,0.50,0.50,Alkaline Earth Metal,0.78,0.78,Transitional Metal,17.47,17.47,Transitional Metal,540.98,540.98,Transitional Metal,18.40,18.40,Transitional Metal,49.66,49.66,Post-Transition Metal,172.59,172.59,Transitional Metal,99.12,99.12,Transitional Metal,"33.28,-111.08",centroid
GS07,GS07Y-082419,Superior,Yard Soil,2019-2020,,mg/kg,,11.33,11.33,Metalloid,9806.08,9806.08,Post-Transition Metal,271.10,271.10,Alkaline Earth Metal,0.55,0.55,Alkaline Earth Metal,1.05,1.05,Transitional Metal,27.82,27.82,Transitional Metal,552.18,552.18,Transitional Metal,21.52,21.52,Transitional Metal,90.77,90.77,Post-Transition Metal,252.55,252.55,Transitional Metal,329.28,329.28,Transitional Metal,"33.29,-111.11",centroid
GS07,GS07G-082419,Superior,Garden Soil,2019-2020,,mg/kg,,22.58,22.58,Metalloid,8856.99,8856.99,Post-Transition Metal,163.75,163.75,Alkaline Earth Metal,0.61,0.61,Alkaline Earth Metal,1.62,1.62,Transitional Metal,16.71,16.71,Transitional Metal,523.11,523.11,Transitional Metal,16.76,16.76,Transitional Metal,218.93,218.93,Post-Transition Metal,351.97,351.97,Transitional Metal,334.64,334.64,Transitional Metal,"33.29,-111.11",centroid
GS09,GS09Y-082419,Superior,Yard Soil,2019-2020,,mg/kg,,13.17,13.17,Metalloid,9694.77,9694.77,Post-Transition Metal,127.82,127.82,Alkaline Earth Metal,0.44,0.44,Alkaline Earth Metal,1.45,1.45,Transitional Metal,31.91,31.91,Transitional Metal,629.85,629.85,Transitional Metal,17.36,17.36,Transitional Metal,64.12,64.12,Post-Transition Metal,316.14,316.14,Transitional Metal,353.41,353.41,Transitional Metal,"33.28,-111.08",centroid
GS09,GS09G-082419,Superior,Garden Soil,2019-2020,,mg/kg,,10.25,10.25,Metalloid,5775.49,5775.49,Post-Transition Metal,81.14,81.14,Alkaline Earth Metal,0.45,0.45,Alkaline Earth Metal,0.64,0.64,Transitional Metal,21.93,21.93,Transitional Metal,336.94,336.94,Transitional Metal,9.73,9.73,Transitional Metal,50.15,50.15,Post-Transition Metal,131.21,131.21,Transitional Metal,390.66,390.66,Transitional Metal,"33.28,-111.08",centroid
GS10,GS10G-082419,Superior,Garden Soil,2019-2020,,mg/kg,,42.53,42.53,Metalloid,9007.48,9007.48,Post-Transition Metal,165.98,165.98,Alkaline Earth Metal,0.50,0.50,Alkaline Earth Metal,1.59,1.59,Transitional Metal,17.77,17.77,Transitional Metal,769.90,769.90,Transitional Metal,15.74,15.74,Transitional Metal,149.91,149.91,Post-Transition Metal,525.02,525.02,Transitional Metal,850.39,850.39,Transitional Metal,"33.29,-111.11",centroid
GS11,GS11Y-082419,Superior,Yard Soil,2019-2020,,mg/kg,,41.44,41.44,Metalloid,8932.45,8932.45,Post-Transition Metal,138.86,138.86,Alkaline Earth Metal,0.76,0.76,Alkaline Earth Metal,2.94,2.94,Transitional Metal,16.15,16.15,Transitional Metal,3378.80,3378.80,Transitional Metal,24.03,24.03,Transitional Metal,625.01,625.01,Post-Transition Metal,1176.51,1176.51,Transitional Metal,1348.01,1348.01,Transitional Metal,"33.28,-111.08",centroid
GS13,GS13Y-082419,Superior,Yard Soil,2019-2020,,mg/kg,,15.83,15.83,Metalloid,8730.99,8730.99,Post-Transition Metal,126.39,126.39,Alkaline Earth Metal,0.54,0.54,Alkaline Earth Metal,1.89,1.89,Transitional Metal,21.04,21.04,Transitional Metal,1127.26,1127.26,Transitional Metal,24.49,24.49,Transitional Metal,94.86,94.86,Post-Transition Metal,387.67,387.67,Transitional Metal,209.30,209.30,Transitional Metal,"33.28,-111.11",centroid
GS13,GS13G-082419,Superior,Garden Soil,2019-2020,,mg/kg,,19.39,19.39,Metalloid,8239.20,8239.20,Post-Transition Metal,124.93,124.93,Alkaline Earth Metal,0.51,0.51,Alkaline Earth Metal,1.08,1.08,Transitional Metal,28.26,28.26,Transitional Metal,993.10,993.10,Transitional Metal,25.19,25.19,Transitional Metal,100.49,100.49,Post-Transition Metal,352.60,352.60,Transitional Metal,246.40,246.40,Transitional Metal,"33.28,-111.11",centroid
GS14,GS14Y-082419,Superior,Yard Soil,2019-2020,,mg/kg,,20.30,20.30,Metalloid,8660.69,8660.69,Post-Transition Metal,144.05,144.05,Alkaline Earth Metal,0.55,0.55,Alkaline Earth Metal,1.84,1.84,Transitional Metal,27.99,27.99,Transitional Metal,561.94,561.94,Transitional Metal,20.87,20.87,Transitional Metal,100.57,100.57,Post-Transition Metal,464.83,464.83,Transitional Metal,634.31,634.31,Transitional Metal,"33.29,-111.10",centroid
GS14,GS14G-082419,Superior,Garden Soil,2019-2020,,mg/kg,,32.59,32.59,Metalloid,9960.23,9960.23,Post-Transition Metal,142.32,142.32,Alkaline Earth Metal,0.38,0.38,Alkaline Earth Metal,1.99,1.99,Transitional Metal,26.51,26.51,Transitional Metal,766.25,766.25,Transitional Metal,28.45,28.45,Transitional Metal,159.70,159.70,Post-Transition Metal,559.68,559.68,Transitional Metal,743.08,743.08,Transitional Metal,"33.29,-111.10",centroid
GS11,GS11G-082419,Superior,Garden Soil,2019-2020,,mg/kg,,40.71,40.71,Metalloid,8153.35,8153.35,Post-Transition Metal,144.34,144.34,Alkaline Earth Metal,0.78,0.78,Alkaline Earth Metal,3.57,3.57,Transitional Metal,19.87,19.87,Transitional Metal,4112.53,4112.53,Transitional Metal,25.25,25.25,Transitional Metal,124.21,124.21,Post-Transition Metal,1394.99,1394.99,Transitional Metal,1523.93,1523.93,Transitional Metal,"33.28,-111.08",centroid
GS17,GS17Y-082419,Superior,Yard Soil,2019-2020,,mg/kg,,34.82,34.82,Metalloid,6486.29,6486.29,Post-Transition Metal,105.95,105.95,Alkaline Earth Metal,0.41,0.41,Alkaline Earth Metal,1.36,1.36,Transitional Metal,15.81,15.81,Transitional Metal,415.18,415.18,Transitional Metal,18.84,18.84,Transitional Metal,135.46,135.46,Post-Transition Metal,309.05,309.05,Transitional Metal,1047.45,1047.45,Transitional Metal,"33.29,-111.10",centroid
GS18,GS18Y-082419,Superior,Yard Soil,2019-2020,,mg/kg,,67.99,67.99,Metalloid,9860.67,9860.67,Post-Transition Metal,186.18,186.18,Alkaline Earth Metal,0.43,0.43,Alkaline Earth Metal,2.57,2.57,Transitional Metal,22.03,22.03,Transitional Metal,1291.74,1291.74,Transitional Metal,19.02,19.02,Transitional Metal,145.28,145.28,Post-Transition Metal,514.15,514.15,Transitional Metal,2450.55,2450.55,Transitional Metal,"33.29,-111.11",centroid
GS19,GS19Y-082419,Superior,Yard Soil,2019-2020,,mg/kg,,29.53,29.53,Metalloid,8193.65,8193.65,Post-Transition Metal,131.52,131.52,Alkaline Earth Metal,0.37,0.37,Alkaline Earth Metal,1.18,1.18,Transitional Metal,20.24,20.24,Transitional Metal,536.59,536.59,Transitional Metal,20.27,20.27,Transitional Metal,105.89,105.89,Post-Transition Metal,329.86,329.86,Transitional Metal,508.27,508.27,Transitional Metal,"33.29,-111.11",centroid
GS20,GS20Y-082419,Superior,Yard Soil,2019-2020,,mg/kg,,30.73,30.73,Metalloid,6778.38,6778.38,Post-Transition Metal,158.18,158.18,Alkaline Earth Metal,0.42,0.42,Alkaline Earth Metal,1.40,1.40,Transitional Metal,25.48,25.48,Transitional Metal,909.99,909.99,Transitional Metal,17.11,17.11,Transitional Metal,112.04,112.04,Post-Transition Metal,422.73,422.73,Transitional Metal,611.51,611.51,Transitional Metal,"33.29,-111.11",centroid
GS25,GS25Y-082419,Superior,Yard Soil,2019-2020,,mg/kg,,23.34,23.34,Metalloid,7172.79,7172.79,Post-Transition Metal,140.24,140.24,Alkaline Earth Metal,0.47,0.47,Alkaline Earth Metal,0.83,0.83,Transitional Metal,22.11,22.11,Transitional Metal,1054.95,1054.95,Transitional Metal,17.15,17.15,Transitional Metal,74.71,74.71,Post-Transition Metal,267.49,267.49,Transitional Metal,209.20,209.20,Transitional Metal,"33.28,-111.08",centroid
